"Candidate Name","Party","Office Name","Office District","Winner","Write-In?","Election Night Votes","Election Night Votes Against","Absentees Votes","Absentees Votes Against","Provisional Votes","Provisional Votes Against","2nd Absentees Votes","2nd Absentees Votes Against","Total Votes","Total Votes Against"
"Barack Obama","DEM","President - Vice Pres","","Y","","160263","","7818","","10422","","911","","221478",""
"Mitt Romney","REP","President - Vice Pres","","","","22848","","1584","","685","","241","","28171",""
"Gary Johnson","LIB","President - Vice Pres","","","","1620","","73","","68","","14","","1924",""
"Jill Stein","GRN","President - Vice Pres","","","","1403","","79","","38","","25","","1737",""
"Tiffany Renee Briscoe","DEM","President - Vice Pres","","","Y","2","0","0","","0","","0","","3",""
"Dennis Knill","DEM","President - Vice Pres","","","Y","0","0","0","","0","","0","","0",""
"Matthew Lydick","REP","President - Vice Pres","","","Y","2","0","0","","0","","0","","2",""
"Barbara A. Prokopich","REP","President - Vice Pres","","","Y","0","0","0","","0","","0","","0",""
"Santa Claus","IND","President - Vice Pres","","","Y","35","0","0","","0","","0","","38",""
"Richard Duncan","IND","President - Vice Pres","","","Y","1","0","0","","0","","0","","2",""
"Bruce Mlynski","IND","President - Vice Pres","","","Y","0","0","0","","0","","0","","0",""
"Kevin M. Thorne","IND","President - Vice Pres","","","Y","0","0","0","","0","","0","","0",""
"James Clymer","CON","President - Vice Pres","","","Y","3","0","0","","0","","0","","3",""
"Virgil Goode","CON","President - Vice Pres","","","Y","17","0","1","","3","","0","","21",""
"Ross C. Rocky Anderson","OTH","President - Vice Pres","","","Y","24","0","0","","0","","0","","27",""
"Andre Barnett","OTH","President - Vice Pres","","","Y","5","0","0","","0","","0","","5",""
"Roseanne Barr","OTH","President - Vice Pres","","","Y","4","0","0","","1","","0","","8",""
"Will Christensen","OTH","President - Vice Pres","","","Y","0","0","0","","0","","0","","0",""
"Stephen Durham","OTH","President - Vice Pres","","","Y","2","0","0","","1","","0","","5",""
"Merlin Miller","OTH","President - Vice Pres","","","Y","3","0","0","","0","","0","","3",""
"Leon Leo Ray","OTH","President - Vice Pres","","","Y","0","0","0","","0","","0","","0",""
"Michael David Boyles","UNF","President - Vice Pres","","","Y","1","0","0","","0","","0","","1",""
"Theodis (Ted) Brown, Sr.","UNF","President - Vice Pres","","","Y","0","0","0","","0","","0","","0",""
"Paul Chehade","UNF","President - Vice Pres","","","Y","1","0","0","","0","","0","","2",""
"David M. Crosby","UNF","President - Vice Pres","","","Y","0","0","0","","0","","0","","0",""
"Fred Donald Dickson, Jr.","UNF","President - Vice Pres","","","Y","1","0","0","","0","","0","","2",""
"Robert William Dietz","UNF","President - Vice Pres","","","Y","0","0","0","","0","","0","","0",""
"Dwight Kenneth French","UNF","President - Vice Pres","","","Y","0","0","0","","0","","0","","0",""
"Darrell Hykes","UNF","President - Vice Pres","","","Y","0","0","0","","0","","0","","0",""
"Nelson Keyton","UNF","President - Vice Pres","","","Y","0","0","0","","0","","0","","0",""
"Dean Morstad","UNF","President - Vice Pres","","","Y","0","0","0","","0","","0","","0",""
"Deonia Neveu","UNF","President - Vice Pres","","","Y","0","0","0","","0","","0","","0",""
"Terrance James O'Hara","UNF","President - Vice Pres","","","Y","0","","0","","0","","0","","0",""
"Jill Reed","UNF","President - Vice Pres","","","Y","0","0","0","","0","","0","","0",""
"Cecil James Roth","UNF","President - Vice Pres","","","Y","0","0","0","","0","","0","","0",""
"Sheila Tittle","UNF","President - Vice Pres","","","Y","0","0","0","","0","","0","","0",""
"Other Write-Ins","BOT","President - Vice Pres","","","Y","460","0","16","","21","","7","","573",""
"Ben Cardin","DEM","U.S. Senator           ","","Y","","135683","","7607","","8777","","884","","189128",""
"Daniel John Bongino","REP","U.S. Senator           ","","","","13396","","932","","486","","121","","16931",""
"Dean Ahmad","LIB","U.S. Senator           ","","","","2334","","90","","122","","26","","2930",""
"S. Rob Sobhani","UNF","U.S. Senator           ","","","","28019","","655","","1329","","73","","35724",""
"Lih Young","DEM","U.S. Senator           ","","","Y","14","0","0","","0","","0","","26",""
"Mary Podlesak","REP","U.S. Senator           ","","","Y","0","0","0","","0","","0","","0",""
"Brandy Baker","UNF","U.S. Senator           ","","","Y","24","0","0","","0","","2","","31",""
"Ed Tinus","UNF","U.S. Senator           ","","","Y","1","0","0","","0","","0","","1",""
"Other Write-Ins","BOT","U.S. Senator           ","","","Y","170","0","4","","15","","4","","232",""
"C. A. Dutch Ruppersberger","DEM","U.S. Congress","02","Y","","17081","","570","","862","","65","","23433",""
"Nancy C. Jacobs","REP","U.S. Congress","02","","","2198","","103","","64","","7","","2685",""
"Leo Wayne Dymowski","LIB","U.S. Congress","02","","","462","","18","","24","","0","","594",""
"Ray Bly","REP","U.S. Congress","02","","Y","0","0","0","","0","","0","","0",""
"Other Write-Ins","BOT","U.S. Congress","02","","Y","20","0","1","","1","","0","","27",""
"John Sarbanes","DEM","U.S. Congress","03","Y","","38568","","2682","","1151","","335","","51098",""
"Eric Delano Knowles","REP","U.S. Congress","03","","","10378","","633","","276","","92","","12675",""
"Paul W. Drgos, Jr.","LIB","U.S. Congress","03","","","2193","","71","","69","","18","","2623",""
"Other Write-Ins","BOT","U.S. Congress","03","","Y","94","","5","","6","","1","","120",""
"Elijah Cummings","DEM","U.S. Congress","07","Y","","99326","","4727","","5925","","503","","137805",""
"Frank C. Mirabile","REP","U.S. Congress","07","","","3791","","307","","128","","33","","4868",""
"Ronald M. Owens-Bey","LIB","U.S. Congress","07","","","2269","","94","","103","","8","","2905",""
"Ty Glen Busch","DEM","U.S. Congress","07","","Y","1","0","0","","0","","0","","2",""
"Charles U. Smith","DEM","U.S. Congress","07","","Y","12","0","0","","0","","0","","14",""
"Other Write-Ins","BOT","U.S. Congress","07","","Y","111","0","6","","9","","7","","161",""
"Kendra Y. Ausby","BOT","Judge Circuit Court","08","Y","","96440","","4981","","4142","","497","","133927",""
"Jeannie J. Hong","BOT","Judge Circuit Court","08","Y","","83952","","4648","","2898","","448","","117059",""
"Charles J. Peters","BOT","Judge Circuit Court","08","Y","","82449","","4432","","2829","","412","","114700",""
"Michael W. Reed","BOT","Judge Circuit Court","08","Y","","86597","","4541","","3148","","437","","120268",""
"Yolanda A. Tanner","BOT","Judge Circuit Court","08","Y","","93271","","4811","","3833","","488","","129944",""
"David W. Young","BOT","Judge Circuit Court","08","Y","","87576","","4795","","3277","","440","","122284",""
"Other Write-Ins","BOT","Judge Circuit Court","08","","Y","1545","","225","","159","","37","","2277",""
"Robert M. Bell","BOT","Appellate Judge","06","Y","","130456","21306","6800","647","6860","1397","666","77","179718","27138"
"Stuart R. Berger","BOT","Judge Spec Appeal at Lg","","Y","","122511","24101","6302","771","6929","2033","622","102","168560","31587"
"Shirley M. Watts","BOT","Judge Spec Appeals","06","Y","","129083","18704","6401","690","6802","1201","644","79","176999","23871"
