"Candidate Name","Party","Office Name","Office District","Winner","Write-In?","Election Night Votes","Election Night Votes Against","Absentees Votes","Absentees Votes Against","Provisional Votes","Provisional Votes Against","2nd Absentees Votes","2nd Absentees Votes Against","Total Votes","Total Votes Against"
"Barack Obama","DEM","President - Vice Pres","","Y","","43194","","2220","","1049","","690","","55146",""
"Mitt Romney","REP","President - Vice Pres","","","","49926","","2162","","664","","477","","58798",""
"Gary Johnson","LIB","President - Vice Pres","","","","1562","","74","","45","","24","","1819",""
"Jill Stein","GRN","President - Vice Pres","","","","687","","32","","21","","9","","831",""
"Tiffany Renee Briscoe","DEM","President - Vice Pres","","","Y","0","0","0","","0","","0","","1",""
"Dennis Knill","DEM","President - Vice Pres","","","Y","0","0","0","","0","","0","","0",""
"Matthew Lydick","REP","President - Vice Pres","","","Y","1","0","0","","0","","0","","1",""
"Barbara A. Prokopich","REP","President - Vice Pres","","","Y","0","0","0","","0","","0","","0",""
"Santa Claus","IND","President - Vice Pres","","","Y","37","0","0","","0","","0","","40",""
"Richard Duncan","IND","President - Vice Pres","","","Y","0","0","0","","0","","0","","0",""
"Bruce Mlynski","IND","President - Vice Pres","","","Y","0","0","0","","0","","0","","0",""
"Kevin M. Thorne","IND","President - Vice Pres","","","Y","0","0","0","","0","","0","","0",""
"James Clymer","CON","President - Vice Pres","","","Y","0","0","0","","0","","0","","0",""
"Virgil Goode","CON","President - Vice Pres","","","Y","32","0","0","","0","","2","","38",""
"Ross C. Rocky Anderson","OTH","President - Vice Pres","","","Y","9","0","0","","0","","0","","9",""
"Andre Barnett","OTH","President - Vice Pres","","","Y","0","0","0","","0","","0","","0",""
"Roseanne Barr","OTH","President - Vice Pres","","","Y","2","0","0","","0","","0","","2",""
"Will Christensen","OTH","President - Vice Pres","","","Y","0","0","0","","0","","0","","0",""
"Stephen Durham","OTH","President - Vice Pres","","","Y","0","0","0","","0","","0","","0",""
"Merlin Miller","OTH","President - Vice Pres","","","Y","0","0","0","","0","","0","","0",""
"Leon Leo Ray","OTH","President - Vice Pres","","","Y","0","0","0","","0","","0","","0",""
"Michael David Boyles","UNF","President - Vice Pres","","","Y","0","0","0","","0","","0","","0",""
"Theodis (Ted) Brown, Sr.","UNF","President - Vice Pres","","","Y","0","0","0","","0","","0","","0",""
"Paul Chehade","UNF","President - Vice Pres","","","Y","2","0","0","","0","","0","","2",""
"David M. Crosby","UNF","President - Vice Pres","","","Y","0","0","0","","0","","0","","0",""
"Fred Donald Dickson, Jr.","UNF","President - Vice Pres","","","Y","0","0","0","","0","","0","","0",""
"Robert William Dietz","UNF","President - Vice Pres","","","Y","0","0","0","","0","","0","","0",""
"Dwight Kenneth French","UNF","President - Vice Pres","","","Y","0","0","0","","0","","0","","0",""
"Darrell Hykes","UNF","President - Vice Pres","","","Y","0","0","0","","0","","0","","0",""
"Nelson Keyton","UNF","President - Vice Pres","","","Y","1","0","0","","0","","0","","1",""
"Dean Morstad","UNF","President - Vice Pres","","","Y","0","0","0","","0","","0","","0",""
"Deonia Neveu","UNF","President - Vice Pres","","","Y","0","0","0","","0","","0","","0",""
"Terrance James O'Hara","UNF","President - Vice Pres","","","Y","0","","0","","0","","0","","0",""
"Jill Reed","UNF","President - Vice Pres","","","Y","4","0","0","","0","","0","","5",""
"Cecil James Roth","UNF","President - Vice Pres","","","Y","0","0","0","","0","","0","","0",""
"Sheila Tittle","UNF","President - Vice Pres","","","Y","0","0","0","","0","","0","","0",""
"Other Write-Ins","BOT","President - Vice Pres","","","Y","364","0","16","","5","","1","","422",""
"Ben Cardin","DEM","U.S. Senator           ","","Y","","34447","","2027","","830","","580","","45161",""
"Daniel John Bongino","REP","U.S. Senator           ","","","","40969","","1809","","548","","413","","48563",""
"Dean Ahmad","LIB","U.S. Senator           ","","","","1438","","69","","41","","30","","1720",""
"S. Rob Sobhani","UNF","U.S. Senator           ","","","","15876","","368","","259","","92","","17913",""
"Lih Young","DEM","U.S. Senator           ","","","Y","5","0","0","","0","","0","","5",""
"Mary Podlesak","REP","U.S. Senator           ","","","Y","1","0","0","","0","","0","","1",""
"Brandy Baker","UNF","U.S. Senator           ","","","Y","5","0","0","","0","","0","","6",""
"Ed Tinus","UNF","U.S. Senator           ","","","Y","3","0","0","","0","","0","","3",""
"Other Write-Ins","BOT","U.S. Senator           ","","","Y","79","0","4","","6","","3","","97",""
"John Delaney","DEM","U.S. Congress","06","Y","","23789","","1129","","610","","315","","31079",""
"Roscoe G. Bartlett","REP","U.S. Congress","06","","","16244","","811","","263","","196","","20148",""
"Nickolaus Mueller","LIB","U.S. Congress","06","","","1585","","62","","44","","22","","1901",""
"Other Write-Ins","BOT","U.S. Congress","06","","Y","62","","4","","5","","0","","79",""
"Chris Van Hollen","DEM","U.S. Congress","08","Y","","18463","","938","","246","","270","","22595",""
"Ken Timmerman","REP","U.S. Congress","08","","","29479","","1178","","264","","261","","33767",""
"Mark Grannis","LIB","U.S. Congress","08","","","1366","","75","","31","","23","","1587",""
"George Gluck","GRN","U.S. Congress","08","","","732","","44","","12","","19","","862",""
"Other Write-Ins","BOT","U.S. Congress","08","","Y","47","","2","","1","","1","","53",""
"William Rogers Nicklas, Jr.","BOT","Judge Circuit Court","06","Y","","70188","","2989","","1177","","761","","85464",""
"Other Write-Ins","BOT","Judge Circuit Court","06","","Y","568","","45","","20","","25","","743",""
"Lynne A. Battaglia","BOT","Appellate Judge","03","Y","","66154","8372","2841","381","1110","164","715","93","80654","10103"
"Stuart R. Berger","BOT","Judge Spec Appeal at Lg","","Y","","65174","8759","2813","382","1138","197","696","86","79541","10574"
"Zakir Bengali","NON","Board of Education     ","","Y","","36069","","1414","","505","","366","","44623",""
"Tony Chmelik","NON","Board of Education     ","","","","29737","","1159","","363","","274","","35387",""
"Colleen Cusimano","NON","Board of Education     ","","","","34866","","1368","","476","","343","","41861",""
"Kathryn B. Katie Groth","NON","Board of Education     ","","Y","","47610","","2072","","744","","474","","58525",""
"Joy Schaefer","NON","Board of Education     ","","Y","","44072","","1829","","652","","446","","54237",""
"Tom Shade","NON","Board of Education     ","","","","14915","","765","","249","","175","","18066",""
"Other Write-Ins","NON","Board of Education     ","","","Y","547","","52","","20","","24","","716",""
