"Candidate Name","Party","Office Name","Office District","Winner","Write-In?","Election Night Votes","Election Night Votes Against","Absentees Votes","Absentees Votes Against","Provisional Votes","Provisional Votes Against","2nd Absentees Votes","2nd Absentees Votes Against","Total Votes","Total Votes Against"
"Barack Obama","DEM","President - Vice Pres","","Y","","8661","","749","","260","","164","","11014",""
"Mitt Romney","REP","President - Vice Pres","","","","12724","","1177","","211","","229","","15951",""
"Gary Johnson","LIB","President - Vice Pres","","","","227","","21","","6","","1","","266",""
"Jill Stein","GRN","President - Vice Pres","","","","105","","8","","2","","5","","128",""
"Tiffany Renee Briscoe","DEM","President - Vice Pres","","","Y","0","0","0","","0","","0","","0",""
"Dennis Knill","DEM","President - Vice Pres","","","Y","0","0","0","","0","","0","","0",""
"Matthew Lydick","REP","President - Vice Pres","","","Y","0","0","0","","0","","0","","0",""
"Barbara A. Prokopich","REP","President - Vice Pres","","","Y","0","0","0","","0","","0","","0",""
"Santa Claus","IND","President - Vice Pres","","","Y","0","0","0","","0","","0","","0",""
"Richard Duncan","IND","President - Vice Pres","","","Y","0","0","0","","0","","0","","0",""
"Bruce Mlynski","IND","President - Vice Pres","","","Y","0","0","0","","0","","0","","0",""
"Kevin M. Thorne","IND","President - Vice Pres","","","Y","0","0","0","","0","","0","","0",""
"James Clymer","CON","President - Vice Pres","","","Y","0","0","0","","0","","0","","0",""
"Virgil Goode","CON","President - Vice Pres","","","Y","2","0","0","","0","","0","","2",""
"Ross C. Rocky Anderson","OTH","President - Vice Pres","","","Y","0","0","0","","0","","0","","0",""
"Andre Barnett","OTH","President - Vice Pres","","","Y","0","0","0","","0","","0","","0",""
"Roseanne Barr","OTH","President - Vice Pres","","","Y","1","0","0","","0","","0","","1",""
"Will Christensen","OTH","President - Vice Pres","","","Y","0","0","0","","0","","0","","0",""
"Stephen Durham","OTH","President - Vice Pres","","","Y","0","0","0","","0","","0","","0",""
"Merlin Miller","OTH","President - Vice Pres","","","Y","0","0","1","","0","","0","","1",""
"Leon Leo Ray","OTH","President - Vice Pres","","","Y","0","0","0","","0","","0","","0",""
"Michael David Boyles","UNF","President - Vice Pres","","","Y","0","0","0","","0","","0","","0",""
"Theodis (Ted) Brown, Sr.","UNF","President - Vice Pres","","","Y","0","0","0","","0","","0","","0",""
"Paul Chehade","UNF","President - Vice Pres","","","Y","0","0","0","","0","","0","","0",""
"David M. Crosby","UNF","President - Vice Pres","","","Y","0","0","0","","0","","0","","0",""
"Fred Donald Dickson, Jr.","UNF","President - Vice Pres","","","Y","0","0","0","","0","","0","","0",""
"Robert William Dietz","UNF","President - Vice Pres","","","Y","0","0","0","","0","","0","","0",""
"Dwight Kenneth French","UNF","President - Vice Pres","","","Y","0","0","0","","0","","0","","0",""
"Darrell Hykes","UNF","President - Vice Pres","","","Y","0","0","0","","0","","0","","0",""
"Nelson Keyton","UNF","President - Vice Pres","","","Y","0","0","0","","0","","0","","0",""
"Dean Morstad","UNF","President - Vice Pres","","","Y","0","0","0","","0","","0","","0",""
"Deonia Neveu","UNF","President - Vice Pres","","","Y","0","0","0","","0","","0","","0",""
"Terrance James O'Hara","UNF","President - Vice Pres","","","Y","0","","0","","0","","0","","0",""
"Jill Reed","UNF","President - Vice Pres","","","Y","0","0","0","","0","","0","","0",""
"Cecil James Roth","UNF","President - Vice Pres","","","Y","0","0","0","","0","","0","","0",""
"Sheila Tittle","UNF","President - Vice Pres","","","Y","0","0","0","","0","","0","","0",""
"Other Write-Ins","BOT","President - Vice Pres","","","Y","46","0","3","","3","","1","","57",""
"Ben Cardin","DEM","U.S. Senator           ","","Y","","7420","","748","","229","","161","","9676",""
"Daniel John Bongino","REP","U.S. Senator           ","","","","8791","","884","","147","","175","","11270",""
"Dean Ahmad","LIB","U.S. Senator           ","","","","245","","20","","6","","2","","282",""
"S. Rob Sobhani","UNF","U.S. Senator           ","","","","4691","","259","","83","","47","","5436",""
"Lih Young","DEM","U.S. Senator           ","","","Y","0","0","0","","0","","0","","0",""
"Mary Podlesak","REP","U.S. Senator           ","","","Y","0","0","0","","0","","0","","0",""
"Brandy Baker","UNF","U.S. Senator           ","","","Y","0","0","0","","0","","0","","0",""
"Ed Tinus","UNF","U.S. Senator           ","","","Y","10","0","0","","1","","0","","13",""
"Other Write-Ins","BOT","U.S. Senator           ","","","Y","35","0","1","","1","","0","","43",""
"Wendy Rosen","DEM","U.S. Congress","01","","","5761","","522","","172","","117","","7096",""
"Andy Harris","REP","U.S. Congress","01","Y","","12732","","1148","","194","","221","","15879",""
"Muir Wayne Boda","LIB","U.S. Congress","01","","","783","","67","","14","","11","","957",""
"John LaFerla","DEM","U.S. Congress","01","","Y","1308","0","63","","27","","17","","1896",""
"Michael Calpino","UNF","U.S. Congress","01","","Y","1","0","0","","0","","0","","1",""
"Douglas Dryden Rae","UNF","U.S. Congress","01","","Y","0","0","0","","0","","0","","0",""
"Other Write-Ins","BOT","U.S. Congress","01","","Y","42","0","39","","2","","1","","94",""
"Brian Daniel Shockley","BOT","Judge Circuit Court","01","Y","","17915","","1485","","330","","305","","22317",""
"Other Write-Ins","BOT","Judge Circuit Court","01","","Y","104","","12","","1","","3","","129",""
"Stuart R. Berger","BOT","Judge Spec Appeal at Lg","","Y","","15999","1978","1347","173","332","48","267","30","20011","2466"
"Barry Q. Brittingham, Sr.","NON","Board of Education     ","002","Y","","1779","","110","","26","","33","","2186",""
"Derrick A. Smith","NON","Board of Education     ","002","","","310","","21","","5","","3","","381",""
"Other Write-Ins","NON","Board of Education     ","002","","Y","4","","0","","0","","1","","5",""
"Sara D. Thompson","NON","Board of Education     ","003","Y","","3255","","245","","48","","51","","3998",""
"Other Write-Ins","NON","Board of Education     ","003","","Y","27","","5","","0","","0","","38",""
"Jonathan C. Cook","NON","Board of Education     ","005","Y","","2781","","221","","43","","28","","3637",""
"Other Write-Ins","NON","Board of Education     ","005","","Y","11","","1","","1","","0","","14",""
