"County","Election District","Election Precinct","Candidate Name","Party","Office Name","Office District","Winner","Write-In?","Election Night Votes","Election Night Votes Against"
"24","001","001","Barack Obama","DEM","President - Vice Pres","","Y","","867",""
"24","001","001","Mitt Romney","REP","President - Vice Pres","","","","494",""
"24","001","001","Gary Johnson","LIB","President - Vice Pres","","","","10",""
"24","001","001","Jill Stein","GRN","President - Vice Pres","","","","4",""
"24","001","001","Tiffany Renee Briscoe","DEM","President - Vice Pres","","","Y","0",""
"24","001","001","Dennis Knill","DEM","President - Vice Pres","","","Y","0",""
"24","001","001","Matthew Lydick","REP","President - Vice Pres","","","Y","0",""
"24","001","001","Barbara A. Prokopich","REP","President - Vice Pres","","","Y","0",""
"24","001","001","Santa Claus","IND","President - Vice Pres","","","Y","0",""
"24","001","001","Richard Duncan","IND","President - Vice Pres","","","Y","0",""
"24","001","001","Bruce Mlynski","IND","President - Vice Pres","","","Y","0",""
"24","001","001","Kevin M. Thorne","IND","President - Vice Pres","","","Y","0",""
"24","001","001","James Clymer","CON","President - Vice Pres","","","Y","0",""
"24","001","001","Virgil Goode","CON","President - Vice Pres","","","Y","0",""
"24","001","001","Ross C. Rocky Anderson","OTH","President - Vice Pres","","","Y","0",""
"24","001","001","Andre Barnett","OTH","President - Vice Pres","","","Y","0",""
"24","001","001","Roseanne Barr","OTH","President - Vice Pres","","","Y","0",""
"24","001","001","Will Christensen","OTH","President - Vice Pres","","","Y","0",""
"24","001","001","Stephen Durham","OTH","President - Vice Pres","","","Y","0",""
"24","001","001","Merlin Miller","OTH","President - Vice Pres","","","Y","0",""
"24","001","001","Leon Leo Ray","OTH","President - Vice Pres","","","Y","0",""
"24","001","001","Michael David Boyles","UNF","President - Vice Pres","","","Y","0",""
"24","001","001","Theodis (Ted) Brown, Sr.","UNF","President - Vice Pres","","","Y","0",""
"24","001","001","Paul Chehade","UNF","President - Vice Pres","","","Y","0",""
"24","001","001","David M. Crosby","UNF","President - Vice Pres","","","Y","0",""
"24","001","001","Fred Donald Dickson, Jr.","UNF","President - Vice Pres","","","Y","0",""
"24","001","001","Robert William Dietz","UNF","President - Vice Pres","","","Y","0",""
"24","001","001","Dwight Kenneth French","UNF","President - Vice Pres","","","Y","0",""
"24","001","001","Darrell Hykes","UNF","President - Vice Pres","","","Y","0",""
"24","001","001","Nelson Keyton","UNF","President - Vice Pres","","","Y","0",""
"24","001","001","Dean Morstad","UNF","President - Vice Pres","","","Y","0",""
"24","001","001","Deonia Neveu","UNF","President - Vice Pres","","","Y","0",""
"24","001","001","Terrance James O'Hara","UNF","President - Vice Pres","","","Y","0",""
"24","001","001","Jill Reed","UNF","President - Vice Pres","","","Y","0",""
"24","001","001","Cecil James Roth","UNF","President - Vice Pres","","","Y","0",""
"24","001","001","Sheila Tittle","UNF","President - Vice Pres","","","Y","0",""
"24","001","001","Other Write-Ins","BOT","President - Vice Pres","","","Y","4",""
"24","001","001","Ben Cardin","DEM","U.S. Senator           ","","Y","","763",""
"24","001","001","Daniel John Bongino","REP","U.S. Senator           ","","","","354",""
"24","001","001","Dean Ahmad","LIB","U.S. Senator           ","","","","19",""
"24","001","001","S. Rob Sobhani","UNF","U.S. Senator           ","","","","190",""
"24","001","001","Lih Young","DEM","U.S. Senator           ","","","Y","0",""
"24","001","001","Mary Podlesak","REP","U.S. Senator           ","","","Y","0",""
"24","001","001","Brandy Baker","UNF","U.S. Senator           ","","","Y","0",""
"24","001","001","Ed Tinus","UNF","U.S. Senator           ","","","Y","0",""
"24","001","001","Other Write-Ins","BOT","U.S. Senator           ","","","Y","5",""
"24","001","001","Wendy Rosen","DEM","U.S. Congress","01","","","603",""
"24","001","001","Andy Harris","REP","U.S. Congress","01","Y","","548",""
"24","001","001","Muir Wayne Boda","LIB","U.S. Congress","01","","","40",""
"24","001","001","John LaFerla","DEM","U.S. Congress","01","","Y","118",""
"24","001","001","Michael Calpino","UNF","U.S. Congress","01","","Y","0",""
"24","001","001","Douglas Dryden Rae","UNF","U.S. Congress","01","","Y","0",""
"24","001","001","Other Write-Ins","BOT","U.S. Congress","01","","Y","0",""
"24","001","001","Brian Daniel Shockley","BOT","Judge Circuit Court","01","Y","","1117",""
"24","001","001","Other Write-Ins","BOT","Judge Circuit Court","01","","Y","2",""
"24","001","001","Stuart R. Berger","BOT","Judge Spec Appeal at Lg","","Y","","1024","134"
"24","001","002","Barack Obama","DEM","President - Vice Pres","","Y","","430",""
"24","001","002","Mitt Romney","REP","President - Vice Pres","","","","610",""
"24","001","002","Gary Johnson","LIB","President - Vice Pres","","","","10",""
"24","001","002","Jill Stein","GRN","President - Vice Pres","","","","3",""
"24","001","002","Tiffany Renee Briscoe","DEM","President - Vice Pres","","","Y","0",""
"24","001","002","Dennis Knill","DEM","President - Vice Pres","","","Y","0",""
"24","001","002","Matthew Lydick","REP","President - Vice Pres","","","Y","0",""
"24","001","002","Barbara A. Prokopich","REP","President - Vice Pres","","","Y","0",""
"24","001","002","Santa Claus","IND","President - Vice Pres","","","Y","0",""
"24","001","002","Richard Duncan","IND","President - Vice Pres","","","Y","0",""
"24","001","002","Bruce Mlynski","IND","President - Vice Pres","","","Y","0",""
"24","001","002","Kevin M. Thorne","IND","President - Vice Pres","","","Y","0",""
"24","001","002","James Clymer","CON","President - Vice Pres","","","Y","0",""
"24","001","002","Virgil Goode","CON","President - Vice Pres","","","Y","0",""
"24","001","002","Ross C. Rocky Anderson","OTH","President - Vice Pres","","","Y","0",""
"24","001","002","Andre Barnett","OTH","President - Vice Pres","","","Y","0",""
"24","001","002","Roseanne Barr","OTH","President - Vice Pres","","","Y","0",""
"24","001","002","Will Christensen","OTH","President - Vice Pres","","","Y","0",""
"24","001","002","Stephen Durham","OTH","President - Vice Pres","","","Y","0",""
"24","001","002","Merlin Miller","OTH","President - Vice Pres","","","Y","0",""
"24","001","002","Leon Leo Ray","OTH","President - Vice Pres","","","Y","0",""
"24","001","002","Michael David Boyles","UNF","President - Vice Pres","","","Y","0",""
"24","001","002","Theodis (Ted) Brown, Sr.","UNF","President - Vice Pres","","","Y","0",""
"24","001","002","Paul Chehade","UNF","President - Vice Pres","","","Y","0",""
"24","001","002","David M. Crosby","UNF","President - Vice Pres","","","Y","0",""
"24","001","002","Fred Donald Dickson, Jr.","UNF","President - Vice Pres","","","Y","0",""
"24","001","002","Robert William Dietz","UNF","President - Vice Pres","","","Y","0",""
"24","001","002","Dwight Kenneth French","UNF","President - Vice Pres","","","Y","0",""
"24","001","002","Darrell Hykes","UNF","President - Vice Pres","","","Y","0",""
"24","001","002","Nelson Keyton","UNF","President - Vice Pres","","","Y","0",""
"24","001","002","Dean Morstad","UNF","President - Vice Pres","","","Y","0",""
"24","001","002","Deonia Neveu","UNF","President - Vice Pres","","","Y","0",""
"24","001","002","Terrance James O'Hara","UNF","President - Vice Pres","","","Y","0",""
"24","001","002","Jill Reed","UNF","President - Vice Pres","","","Y","0",""
"24","001","002","Cecil James Roth","UNF","President - Vice Pres","","","Y","0",""
"24","001","002","Sheila Tittle","UNF","President - Vice Pres","","","Y","0",""
"24","001","002","Other Write-Ins","BOT","President - Vice Pres","","","Y","1",""
"24","001","002","Ben Cardin","DEM","U.S. Senator           ","","Y","","379",""
"24","001","002","Daniel John Bongino","REP","U.S. Senator           ","","","","442",""
"24","001","002","Dean Ahmad","LIB","U.S. Senator           ","","","","8",""
"24","001","002","S. Rob Sobhani","UNF","U.S. Senator           ","","","","193",""
"24","001","002","Lih Young","DEM","U.S. Senator           ","","","Y","0",""
"24","001","002","Mary Podlesak","REP","U.S. Senator           ","","","Y","0",""
"24","001","002","Brandy Baker","UNF","U.S. Senator           ","","","Y","0",""
"24","001","002","Ed Tinus","UNF","U.S. Senator           ","","","Y","0",""
"24","001","002","Other Write-Ins","BOT","U.S. Senator           ","","","Y","3",""
"24","001","002","Wendy Rosen","DEM","U.S. Congress","01","","","279",""
"24","001","002","Andy Harris","REP","U.S. Congress","01","Y","","601",""
"24","001","002","Muir Wayne Boda","LIB","U.S. Congress","01","","","28",""
"24","001","002","John LaFerla","DEM","U.S. Congress","01","","Y","90",""
"24","001","002","Michael Calpino","UNF","U.S. Congress","01","","Y","0",""
"24","001","002","Douglas Dryden Rae","UNF","U.S. Congress","01","","Y","0",""
"24","001","002","Other Write-Ins","BOT","U.S. Congress","01","","Y","0",""
"24","001","002","Brian Daniel Shockley","BOT","Judge Circuit Court","01","Y","","884",""
"24","001","002","Other Write-Ins","BOT","Judge Circuit Court","01","","Y","6",""
"24","001","002","Stuart R. Berger","BOT","Judge Spec Appeal at Lg","","Y","","805","85"
"24","001","003","Barack Obama","DEM","President - Vice Pres","","Y","","105",""
"24","001","003","Mitt Romney","REP","President - Vice Pres","","","","226",""
"24","001","003","Gary Johnson","LIB","President - Vice Pres","","","","1",""
"24","001","003","Jill Stein","GRN","President - Vice Pres","","","","2",""
"24","001","003","Tiffany Renee Briscoe","DEM","President - Vice Pres","","","Y","0",""
"24","001","003","Dennis Knill","DEM","President - Vice Pres","","","Y","0",""
"24","001","003","Matthew Lydick","REP","President - Vice Pres","","","Y","0",""
"24","001","003","Barbara A. Prokopich","REP","President - Vice Pres","","","Y","0",""
"24","001","003","Santa Claus","IND","President - Vice Pres","","","Y","0",""
"24","001","003","Richard Duncan","IND","President - Vice Pres","","","Y","0",""
"24","001","003","Bruce Mlynski","IND","President - Vice Pres","","","Y","0",""
"24","001","003","Kevin M. Thorne","IND","President - Vice Pres","","","Y","0",""
"24","001","003","James Clymer","CON","President - Vice Pres","","","Y","0",""
"24","001","003","Virgil Goode","CON","President - Vice Pres","","","Y","0",""
"24","001","003","Ross C. Rocky Anderson","OTH","President - Vice Pres","","","Y","0",""
"24","001","003","Andre Barnett","OTH","President - Vice Pres","","","Y","0",""
"24","001","003","Roseanne Barr","OTH","President - Vice Pres","","","Y","0",""
"24","001","003","Will Christensen","OTH","President - Vice Pres","","","Y","0",""
"24","001","003","Stephen Durham","OTH","President - Vice Pres","","","Y","0",""
"24","001","003","Merlin Miller","OTH","President - Vice Pres","","","Y","0",""
"24","001","003","Leon Leo Ray","OTH","President - Vice Pres","","","Y","0",""
"24","001","003","Michael David Boyles","UNF","President - Vice Pres","","","Y","0",""
"24","001","003","Theodis (Ted) Brown, Sr.","UNF","President - Vice Pres","","","Y","0",""
"24","001","003","Paul Chehade","UNF","President - Vice Pres","","","Y","0",""
"24","001","003","David M. Crosby","UNF","President - Vice Pres","","","Y","0",""
"24","001","003","Fred Donald Dickson, Jr.","UNF","President - Vice Pres","","","Y","0",""
"24","001","003","Robert William Dietz","UNF","President - Vice Pres","","","Y","0",""
"24","001","003","Dwight Kenneth French","UNF","President - Vice Pres","","","Y","0",""
"24","001","003","Darrell Hykes","UNF","President - Vice Pres","","","Y","0",""
"24","001","003","Nelson Keyton","UNF","President - Vice Pres","","","Y","0",""
"24","001","003","Dean Morstad","UNF","President - Vice Pres","","","Y","0",""
"24","001","003","Deonia Neveu","UNF","President - Vice Pres","","","Y","0",""
"24","001","003","Terrance James O'Hara","UNF","President - Vice Pres","","","Y","0",""
"24","001","003","Jill Reed","UNF","President - Vice Pres","","","Y","0",""
"24","001","003","Cecil James Roth","UNF","President - Vice Pres","","","Y","0",""
"24","001","003","Sheila Tittle","UNF","President - Vice Pres","","","Y","0",""
"24","001","003","Other Write-Ins","BOT","President - Vice Pres","","","Y","0",""
"24","001","003","Ben Cardin","DEM","U.S. Senator           ","","Y","","78",""
"24","001","003","Daniel John Bongino","REP","U.S. Senator           ","","","","151",""
"24","001","003","Dean Ahmad","LIB","U.S. Senator           ","","","","2",""
"24","001","003","S. Rob Sobhani","UNF","U.S. Senator           ","","","","93",""
"24","001","003","Lih Young","DEM","U.S. Senator           ","","","Y","0",""
"24","001","003","Mary Podlesak","REP","U.S. Senator           ","","","Y","0",""
"24","001","003","Brandy Baker","UNF","U.S. Senator           ","","","Y","0",""
"24","001","003","Ed Tinus","UNF","U.S. Senator           ","","","Y","0",""
"24","001","003","Other Write-Ins","BOT","U.S. Senator           ","","","Y","0",""
"24","001","003","Wendy Rosen","DEM","U.S. Congress","01","","","60",""
"24","001","003","Andy Harris","REP","U.S. Congress","01","Y","","214",""
"24","001","003","Muir Wayne Boda","LIB","U.S. Congress","01","","","20",""
"24","001","003","John LaFerla","DEM","U.S. Congress","01","","Y","23",""
"24","001","003","Michael Calpino","UNF","U.S. Congress","01","","Y","0",""
"24","001","003","Douglas Dryden Rae","UNF","U.S. Congress","01","","Y","0",""
"24","001","003","Other Write-Ins","BOT","U.S. Congress","01","","Y","0",""
"24","001","003","Brian Daniel Shockley","BOT","Judge Circuit Court","01","Y","","261",""
"24","001","003","Other Write-Ins","BOT","Judge Circuit Court","01","","Y","0",""
"24","001","003","Stuart R. Berger","BOT","Judge Spec Appeal at Lg","","Y","","230","36"
"24","002","001","Barack Obama","DEM","President - Vice Pres","","Y","","604",""
"24","002","001","Mitt Romney","REP","President - Vice Pres","","","","304",""
"24","002","001","Gary Johnson","LIB","President - Vice Pres","","","","6",""
"24","002","001","Jill Stein","GRN","President - Vice Pres","","","","1",""
"24","002","001","Tiffany Renee Briscoe","DEM","President - Vice Pres","","","Y","0",""
"24","002","001","Dennis Knill","DEM","President - Vice Pres","","","Y","0",""
"24","002","001","Matthew Lydick","REP","President - Vice Pres","","","Y","0",""
"24","002","001","Barbara A. Prokopich","REP","President - Vice Pres","","","Y","0",""
"24","002","001","Santa Claus","IND","President - Vice Pres","","","Y","0",""
"24","002","001","Richard Duncan","IND","President - Vice Pres","","","Y","0",""
"24","002","001","Bruce Mlynski","IND","President - Vice Pres","","","Y","0",""
"24","002","001","Kevin M. Thorne","IND","President - Vice Pres","","","Y","0",""
"24","002","001","James Clymer","CON","President - Vice Pres","","","Y","0",""
"24","002","001","Virgil Goode","CON","President - Vice Pres","","","Y","0",""
"24","002","001","Ross C. Rocky Anderson","OTH","President - Vice Pres","","","Y","0",""
"24","002","001","Andre Barnett","OTH","President - Vice Pres","","","Y","0",""
"24","002","001","Roseanne Barr","OTH","President - Vice Pres","","","Y","0",""
"24","002","001","Will Christensen","OTH","President - Vice Pres","","","Y","0",""
"24","002","001","Stephen Durham","OTH","President - Vice Pres","","","Y","0",""
"24","002","001","Merlin Miller","OTH","President - Vice Pres","","","Y","0",""
"24","002","001","Leon Leo Ray","OTH","President - Vice Pres","","","Y","0",""
"24","002","001","Michael David Boyles","UNF","President - Vice Pres","","","Y","0",""
"24","002","001","Theodis (Ted) Brown, Sr.","UNF","President - Vice Pres","","","Y","0",""
"24","002","001","Paul Chehade","UNF","President - Vice Pres","","","Y","0",""
"24","002","001","David M. Crosby","UNF","President - Vice Pres","","","Y","0",""
"24","002","001","Fred Donald Dickson, Jr.","UNF","President - Vice Pres","","","Y","0",""
"24","002","001","Robert William Dietz","UNF","President - Vice Pres","","","Y","0",""
"24","002","001","Dwight Kenneth French","UNF","President - Vice Pres","","","Y","0",""
"24","002","001","Darrell Hykes","UNF","President - Vice Pres","","","Y","0",""
"24","002","001","Nelson Keyton","UNF","President - Vice Pres","","","Y","0",""
"24","002","001","Dean Morstad","UNF","President - Vice Pres","","","Y","0",""
"24","002","001","Deonia Neveu","UNF","President - Vice Pres","","","Y","0",""
"24","002","001","Terrance James O'Hara","UNF","President - Vice Pres","","","Y","0",""
"24","002","001","Jill Reed","UNF","President - Vice Pres","","","Y","0",""
"24","002","001","Cecil James Roth","UNF","President - Vice Pres","","","Y","0",""
"24","002","001","Sheila Tittle","UNF","President - Vice Pres","","","Y","0",""
"24","002","001","Other Write-Ins","BOT","President - Vice Pres","","","Y","0",""
"24","002","001","Ben Cardin","DEM","U.S. Senator           ","","Y","","540",""
"24","002","001","Daniel John Bongino","REP","U.S. Senator           ","","","","199",""
"24","002","001","Dean Ahmad","LIB","U.S. Senator           ","","","","6",""
"24","002","001","S. Rob Sobhani","UNF","U.S. Senator           ","","","","131",""
"24","002","001","Lih Young","DEM","U.S. Senator           ","","","Y","0",""
"24","002","001","Mary Podlesak","REP","U.S. Senator           ","","","Y","0",""
"24","002","001","Brandy Baker","UNF","U.S. Senator           ","","","Y","0",""
"24","002","001","Ed Tinus","UNF","U.S. Senator           ","","","Y","0",""
"24","002","001","Other Write-Ins","BOT","U.S. Senator           ","","","Y","1",""
"24","002","001","Wendy Rosen","DEM","U.S. Congress","01","","","430",""
"24","002","001","Andy Harris","REP","U.S. Congress","01","Y","","325",""
"24","002","001","Muir Wayne Boda","LIB","U.S. Congress","01","","","27",""
"24","002","001","John LaFerla","DEM","U.S. Congress","01","","Y","68",""
"24","002","001","Michael Calpino","UNF","U.S. Congress","01","","Y","0",""
"24","002","001","Douglas Dryden Rae","UNF","U.S. Congress","01","","Y","0",""
"24","002","001","Other Write-Ins","BOT","U.S. Congress","01","","Y","1",""
"24","002","001","Brian Daniel Shockley","BOT","Judge Circuit Court","01","Y","","738",""
"24","002","001","Other Write-Ins","BOT","Judge Circuit Court","01","","Y","6",""
"24","002","001","Stuart R. Berger","BOT","Judge Spec Appeal at Lg","","Y","","654","83"
"24","002","001","Barry Q. Brittingham, Sr.","NON","Board of Education     ","002","Y","","661",""
"24","002","001","Derrick A. Smith","NON","Board of Education     ","002","","","117",""
"24","002","001","Other Write-Ins","NON","Board of Education     ","002","","Y","2",""
"24","002","002","Barack Obama","DEM","President - Vice Pres","","Y","","145",""
"24","002","002","Mitt Romney","REP","President - Vice Pres","","","","237",""
"24","002","002","Gary Johnson","LIB","President - Vice Pres","","","","7",""
"24","002","002","Jill Stein","GRN","President - Vice Pres","","","","3",""
"24","002","002","Tiffany Renee Briscoe","DEM","President - Vice Pres","","","Y","0",""
"24","002","002","Dennis Knill","DEM","President - Vice Pres","","","Y","0",""
"24","002","002","Matthew Lydick","REP","President - Vice Pres","","","Y","0",""
"24","002","002","Barbara A. Prokopich","REP","President - Vice Pres","","","Y","0",""
"24","002","002","Santa Claus","IND","President - Vice Pres","","","Y","0",""
"24","002","002","Richard Duncan","IND","President - Vice Pres","","","Y","0",""
"24","002","002","Bruce Mlynski","IND","President - Vice Pres","","","Y","0",""
"24","002","002","Kevin M. Thorne","IND","President - Vice Pres","","","Y","0",""
"24","002","002","James Clymer","CON","President - Vice Pres","","","Y","0",""
"24","002","002","Virgil Goode","CON","President - Vice Pres","","","Y","0",""
"24","002","002","Ross C. Rocky Anderson","OTH","President - Vice Pres","","","Y","0",""
"24","002","002","Andre Barnett","OTH","President - Vice Pres","","","Y","0",""
"24","002","002","Roseanne Barr","OTH","President - Vice Pres","","","Y","0",""
"24","002","002","Will Christensen","OTH","President - Vice Pres","","","Y","0",""
"24","002","002","Stephen Durham","OTH","President - Vice Pres","","","Y","0",""
"24","002","002","Merlin Miller","OTH","President - Vice Pres","","","Y","0",""
"24","002","002","Leon Leo Ray","OTH","President - Vice Pres","","","Y","0",""
"24","002","002","Michael David Boyles","UNF","President - Vice Pres","","","Y","0",""
"24","002","002","Theodis (Ted) Brown, Sr.","UNF","President - Vice Pres","","","Y","0",""
"24","002","002","Paul Chehade","UNF","President - Vice Pres","","","Y","0",""
"24","002","002","David M. Crosby","UNF","President - Vice Pres","","","Y","0",""
"24","002","002","Fred Donald Dickson, Jr.","UNF","President - Vice Pres","","","Y","0",""
"24","002","002","Robert William Dietz","UNF","President - Vice Pres","","","Y","0",""
"24","002","002","Dwight Kenneth French","UNF","President - Vice Pres","","","Y","0",""
"24","002","002","Darrell Hykes","UNF","President - Vice Pres","","","Y","0",""
"24","002","002","Nelson Keyton","UNF","President - Vice Pres","","","Y","0",""
"24","002","002","Dean Morstad","UNF","President - Vice Pres","","","Y","0",""
"24","002","002","Deonia Neveu","UNF","President - Vice Pres","","","Y","0",""
"24","002","002","Terrance James O'Hara","UNF","President - Vice Pres","","","Y","0",""
"24","002","002","Jill Reed","UNF","President - Vice Pres","","","Y","0",""
"24","002","002","Cecil James Roth","UNF","President - Vice Pres","","","Y","0",""
"24","002","002","Sheila Tittle","UNF","President - Vice Pres","","","Y","0",""
"24","002","002","Other Write-Ins","BOT","President - Vice Pres","","","Y","1",""
"24","002","002","Ben Cardin","DEM","U.S. Senator           ","","Y","","128",""
"24","002","002","Daniel John Bongino","REP","U.S. Senator           ","","","","131",""
"24","002","002","Dean Ahmad","LIB","U.S. Senator           ","","","","3",""
"24","002","002","S. Rob Sobhani","UNF","U.S. Senator           ","","","","119",""
"24","002","002","Lih Young","DEM","U.S. Senator           ","","","Y","0",""
"24","002","002","Mary Podlesak","REP","U.S. Senator           ","","","Y","0",""
"24","002","002","Brandy Baker","UNF","U.S. Senator           ","","","Y","0",""
"24","002","002","Ed Tinus","UNF","U.S. Senator           ","","","Y","0",""
"24","002","002","Other Write-Ins","BOT","U.S. Senator           ","","","Y","0",""
"24","002","002","Wendy Rosen","DEM","U.S. Congress","01","","","107",""
"24","002","002","Andy Harris","REP","U.S. Congress","01","Y","","230",""
"24","002","002","Muir Wayne Boda","LIB","U.S. Congress","01","","","16",""
"24","002","002","John LaFerla","DEM","U.S. Congress","01","","Y","11",""
"24","002","002","Michael Calpino","UNF","U.S. Congress","01","","Y","0",""
"24","002","002","Douglas Dryden Rae","UNF","U.S. Congress","01","","Y","0",""
"24","002","002","Other Write-Ins","BOT","U.S. Congress","01","","Y","0",""
"24","002","002","Brian Daniel Shockley","BOT","Judge Circuit Court","01","Y","","331",""
"24","002","002","Other Write-Ins","BOT","Judge Circuit Court","01","","Y","0",""
"24","002","002","Stuart R. Berger","BOT","Judge Spec Appeal at Lg","","Y","","289","34"
"24","002","002","Barry Q. Brittingham, Sr.","NON","Board of Education     ","002","Y","","252",""
"24","002","002","Derrick A. Smith","NON","Board of Education     ","002","","","67",""
"24","002","002","Other Write-Ins","NON","Board of Education     ","002","","Y","0",""
"24","002","003","Barack Obama","DEM","President - Vice Pres","","Y","","784",""
"24","002","003","Mitt Romney","REP","President - Vice Pres","","","","325",""
"24","002","003","Gary Johnson","LIB","President - Vice Pres","","","","10",""
"24","002","003","Jill Stein","GRN","President - Vice Pres","","","","4",""
"24","002","003","Tiffany Renee Briscoe","DEM","President - Vice Pres","","","Y","0",""
"24","002","003","Dennis Knill","DEM","President - Vice Pres","","","Y","0",""
"24","002","003","Matthew Lydick","REP","President - Vice Pres","","","Y","0",""
"24","002","003","Barbara A. Prokopich","REP","President - Vice Pres","","","Y","0",""
"24","002","003","Santa Claus","IND","President - Vice Pres","","","Y","0",""
"24","002","003","Richard Duncan","IND","President - Vice Pres","","","Y","0",""
"24","002","003","Bruce Mlynski","IND","President - Vice Pres","","","Y","0",""
"24","002","003","Kevin M. Thorne","IND","President - Vice Pres","","","Y","0",""
"24","002","003","James Clymer","CON","President - Vice Pres","","","Y","0",""
"24","002","003","Virgil Goode","CON","President - Vice Pres","","","Y","1",""
"24","002","003","Ross C. Rocky Anderson","OTH","President - Vice Pres","","","Y","0",""
"24","002","003","Andre Barnett","OTH","President - Vice Pres","","","Y","0",""
"24","002","003","Roseanne Barr","OTH","President - Vice Pres","","","Y","0",""
"24","002","003","Will Christensen","OTH","President - Vice Pres","","","Y","0",""
"24","002","003","Stephen Durham","OTH","President - Vice Pres","","","Y","0",""
"24","002","003","Merlin Miller","OTH","President - Vice Pres","","","Y","0",""
"24","002","003","Leon Leo Ray","OTH","President - Vice Pres","","","Y","0",""
"24","002","003","Michael David Boyles","UNF","President - Vice Pres","","","Y","0",""
"24","002","003","Theodis (Ted) Brown, Sr.","UNF","President - Vice Pres","","","Y","0",""
"24","002","003","Paul Chehade","UNF","President - Vice Pres","","","Y","0",""
"24","002","003","David M. Crosby","UNF","President - Vice Pres","","","Y","0",""
"24","002","003","Fred Donald Dickson, Jr.","UNF","President - Vice Pres","","","Y","0",""
"24","002","003","Robert William Dietz","UNF","President - Vice Pres","","","Y","0",""
"24","002","003","Dwight Kenneth French","UNF","President - Vice Pres","","","Y","0",""
"24","002","003","Darrell Hykes","UNF","President - Vice Pres","","","Y","0",""
"24","002","003","Nelson Keyton","UNF","President - Vice Pres","","","Y","0",""
"24","002","003","Dean Morstad","UNF","President - Vice Pres","","","Y","0",""
"24","002","003","Deonia Neveu","UNF","President - Vice Pres","","","Y","0",""
"24","002","003","Terrance James O'Hara","UNF","President - Vice Pres","","","Y","0",""
"24","002","003","Jill Reed","UNF","President - Vice Pres","","","Y","0",""
"24","002","003","Cecil James Roth","UNF","President - Vice Pres","","","Y","0",""
"24","002","003","Sheila Tittle","UNF","President - Vice Pres","","","Y","0",""
"24","002","003","Other Write-Ins","BOT","President - Vice Pres","","","Y","4",""
"24","002","003","Ben Cardin","DEM","U.S. Senator           ","","Y","","694",""
"24","002","003","Daniel John Bongino","REP","U.S. Senator           ","","","","217",""
"24","002","003","Dean Ahmad","LIB","U.S. Senator           ","","","","10",""
"24","002","003","S. Rob Sobhani","UNF","U.S. Senator           ","","","","161",""
"24","002","003","Lih Young","DEM","U.S. Senator           ","","","Y","0",""
"24","002","003","Mary Podlesak","REP","U.S. Senator           ","","","Y","0",""
"24","002","003","Brandy Baker","UNF","U.S. Senator           ","","","Y","0",""
"24","002","003","Ed Tinus","UNF","U.S. Senator           ","","","Y","0",""
"24","002","003","Other Write-Ins","BOT","U.S. Senator           ","","","Y","4",""
"24","002","003","Wendy Rosen","DEM","U.S. Congress","01","","","468",""
"24","002","003","Andy Harris","REP","U.S. Congress","01","Y","","376",""
"24","002","003","Muir Wayne Boda","LIB","U.S. Congress","01","","","21",""
"24","002","003","John LaFerla","DEM","U.S. Congress","01","","Y","177",""
"24","002","003","Michael Calpino","UNF","U.S. Congress","01","","Y","0",""
"24","002","003","Douglas Dryden Rae","UNF","U.S. Congress","01","","Y","0",""
"24","002","003","Other Write-Ins","BOT","U.S. Congress","01","","Y","0",""
"24","002","003","Brian Daniel Shockley","BOT","Judge Circuit Court","01","Y","","958",""
"24","002","003","Other Write-Ins","BOT","Judge Circuit Court","01","","Y","9",""
"24","002","003","Stuart R. Berger","BOT","Judge Spec Appeal at Lg","","Y","","843","98"
"24","002","003","Barry Q. Brittingham, Sr.","NON","Board of Education     ","002","Y","","866",""
"24","002","003","Derrick A. Smith","NON","Board of Education     ","002","","","126",""
"24","002","003","Other Write-Ins","NON","Board of Education     ","002","","Y","2",""
"24","003","001","Barack Obama","DEM","President - Vice Pres","","Y","","317",""
"24","003","001","Mitt Romney","REP","President - Vice Pres","","","","821",""
"24","003","001","Gary Johnson","LIB","President - Vice Pres","","","","10",""
"24","003","001","Jill Stein","GRN","President - Vice Pres","","","","5",""
"24","003","001","Tiffany Renee Briscoe","DEM","President - Vice Pres","","","Y","0",""
"24","003","001","Dennis Knill","DEM","President - Vice Pres","","","Y","0",""
"24","003","001","Matthew Lydick","REP","President - Vice Pres","","","Y","0",""
"24","003","001","Barbara A. Prokopich","REP","President - Vice Pres","","","Y","0",""
"24","003","001","Santa Claus","IND","President - Vice Pres","","","Y","0",""
"24","003","001","Richard Duncan","IND","President - Vice Pres","","","Y","0",""
"24","003","001","Bruce Mlynski","IND","President - Vice Pres","","","Y","0",""
"24","003","001","Kevin M. Thorne","IND","President - Vice Pres","","","Y","0",""
"24","003","001","James Clymer","CON","President - Vice Pres","","","Y","0",""
"24","003","001","Virgil Goode","CON","President - Vice Pres","","","Y","0",""
"24","003","001","Ross C. Rocky Anderson","OTH","President - Vice Pres","","","Y","0",""
"24","003","001","Andre Barnett","OTH","President - Vice Pres","","","Y","0",""
"24","003","001","Roseanne Barr","OTH","President - Vice Pres","","","Y","0",""
"24","003","001","Will Christensen","OTH","President - Vice Pres","","","Y","0",""
"24","003","001","Stephen Durham","OTH","President - Vice Pres","","","Y","0",""
"24","003","001","Merlin Miller","OTH","President - Vice Pres","","","Y","0",""
"24","003","001","Leon Leo Ray","OTH","President - Vice Pres","","","Y","0",""
"24","003","001","Michael David Boyles","UNF","President - Vice Pres","","","Y","0",""
"24","003","001","Theodis (Ted) Brown, Sr.","UNF","President - Vice Pres","","","Y","0",""
"24","003","001","Paul Chehade","UNF","President - Vice Pres","","","Y","0",""
"24","003","001","David M. Crosby","UNF","President - Vice Pres","","","Y","0",""
"24","003","001","Fred Donald Dickson, Jr.","UNF","President - Vice Pres","","","Y","0",""
"24","003","001","Robert William Dietz","UNF","President - Vice Pres","","","Y","0",""
"24","003","001","Dwight Kenneth French","UNF","President - Vice Pres","","","Y","0",""
"24","003","001","Darrell Hykes","UNF","President - Vice Pres","","","Y","0",""
"24","003","001","Nelson Keyton","UNF","President - Vice Pres","","","Y","0",""
"24","003","001","Dean Morstad","UNF","President - Vice Pres","","","Y","0",""
"24","003","001","Deonia Neveu","UNF","President - Vice Pres","","","Y","0",""
"24","003","001","Terrance James O'Hara","UNF","President - Vice Pres","","","Y","0",""
"24","003","001","Jill Reed","UNF","President - Vice Pres","","","Y","0",""
"24","003","001","Cecil James Roth","UNF","President - Vice Pres","","","Y","0",""
"24","003","001","Sheila Tittle","UNF","President - Vice Pres","","","Y","0",""
"24","003","001","Other Write-Ins","BOT","President - Vice Pres","","","Y","3",""
"24","003","001","Ben Cardin","DEM","U.S. Senator           ","","Y","","273",""
"24","003","001","Daniel John Bongino","REP","U.S. Senator           ","","","","569",""
"24","003","001","Dean Ahmad","LIB","U.S. Senator           ","","","","17",""
"24","003","001","S. Rob Sobhani","UNF","U.S. Senator           ","","","","264",""
"24","003","001","Lih Young","DEM","U.S. Senator           ","","","Y","0",""
"24","003","001","Mary Podlesak","REP","U.S. Senator           ","","","Y","0",""
"24","003","001","Brandy Baker","UNF","U.S. Senator           ","","","Y","0",""
"24","003","001","Ed Tinus","UNF","U.S. Senator           ","","","Y","0",""
"24","003","001","Other Write-Ins","BOT","U.S. Senator           ","","","Y","1",""
"24","003","001","Wendy Rosen","DEM","U.S. Congress","01","","","243",""
"24","003","001","Andy Harris","REP","U.S. Congress","01","Y","","791",""
"24","003","001","Muir Wayne Boda","LIB","U.S. Congress","01","","","38",""
"24","003","001","John LaFerla","DEM","U.S. Congress","01","","Y","32",""
"24","003","001","Michael Calpino","UNF","U.S. Congress","01","","Y","0",""
"24","003","001","Douglas Dryden Rae","UNF","U.S. Congress","01","","Y","0",""
"24","003","001","Other Write-Ins","BOT","U.S. Congress","01","","Y","1",""
"24","003","001","Brian Daniel Shockley","BOT","Judge Circuit Court","01","Y","","987",""
"24","003","001","Other Write-Ins","BOT","Judge Circuit Court","01","","Y","6",""
"24","003","001","Stuart R. Berger","BOT","Judge Spec Appeal at Lg","","Y","","874","93"
"24","003","001","Sara D. Thompson","NON","Board of Education     ","003","Y","","959",""
"24","003","001","Other Write-Ins","NON","Board of Education     ","003","","Y","4",""
"24","003","002","Barack Obama","DEM","President - Vice Pres","","Y","","406",""
"24","003","002","Mitt Romney","REP","President - Vice Pres","","","","873",""
"24","003","002","Gary Johnson","LIB","President - Vice Pres","","","","9",""
"24","003","002","Jill Stein","GRN","President - Vice Pres","","","","7",""
"24","003","002","Tiffany Renee Briscoe","DEM","President - Vice Pres","","","Y","0",""
"24","003","002","Dennis Knill","DEM","President - Vice Pres","","","Y","0",""
"24","003","002","Matthew Lydick","REP","President - Vice Pres","","","Y","0",""
"24","003","002","Barbara A. Prokopich","REP","President - Vice Pres","","","Y","0",""
"24","003","002","Santa Claus","IND","President - Vice Pres","","","Y","0",""
"24","003","002","Richard Duncan","IND","President - Vice Pres","","","Y","0",""
"24","003","002","Bruce Mlynski","IND","President - Vice Pres","","","Y","0",""
"24","003","002","Kevin M. Thorne","IND","President - Vice Pres","","","Y","0",""
"24","003","002","James Clymer","CON","President - Vice Pres","","","Y","0",""
"24","003","002","Virgil Goode","CON","President - Vice Pres","","","Y","0",""
"24","003","002","Ross C. Rocky Anderson","OTH","President - Vice Pres","","","Y","0",""
"24","003","002","Andre Barnett","OTH","President - Vice Pres","","","Y","0",""
"24","003","002","Roseanne Barr","OTH","President - Vice Pres","","","Y","0",""
"24","003","002","Will Christensen","OTH","President - Vice Pres","","","Y","0",""
"24","003","002","Stephen Durham","OTH","President - Vice Pres","","","Y","0",""
"24","003","002","Merlin Miller","OTH","President - Vice Pres","","","Y","0",""
"24","003","002","Leon Leo Ray","OTH","President - Vice Pres","","","Y","0",""
"24","003","002","Michael David Boyles","UNF","President - Vice Pres","","","Y","0",""
"24","003","002","Theodis (Ted) Brown, Sr.","UNF","President - Vice Pres","","","Y","0",""
"24","003","002","Paul Chehade","UNF","President - Vice Pres","","","Y","0",""
"24","003","002","David M. Crosby","UNF","President - Vice Pres","","","Y","0",""
"24","003","002","Fred Donald Dickson, Jr.","UNF","President - Vice Pres","","","Y","0",""
"24","003","002","Robert William Dietz","UNF","President - Vice Pres","","","Y","0",""
"24","003","002","Dwight Kenneth French","UNF","President - Vice Pres","","","Y","0",""
"24","003","002","Darrell Hykes","UNF","President - Vice Pres","","","Y","0",""
"24","003","002","Nelson Keyton","UNF","President - Vice Pres","","","Y","0",""
"24","003","002","Dean Morstad","UNF","President - Vice Pres","","","Y","0",""
"24","003","002","Deonia Neveu","UNF","President - Vice Pres","","","Y","0",""
"24","003","002","Terrance James O'Hara","UNF","President - Vice Pres","","","Y","0",""
"24","003","002","Jill Reed","UNF","President - Vice Pres","","","Y","0",""
"24","003","002","Cecil James Roth","UNF","President - Vice Pres","","","Y","0",""
"24","003","002","Sheila Tittle","UNF","President - Vice Pres","","","Y","0",""
"24","003","002","Other Write-Ins","BOT","President - Vice Pres","","","Y","0",""
"24","003","002","Ben Cardin","DEM","U.S. Senator           ","","Y","","360",""
"24","003","002","Daniel John Bongino","REP","U.S. Senator           ","","","","601",""
"24","003","002","Dean Ahmad","LIB","U.S. Senator           ","","","","16",""
"24","003","002","S. Rob Sobhani","UNF","U.S. Senator           ","","","","296",""
"24","003","002","Lih Young","DEM","U.S. Senator           ","","","Y","0",""
"24","003","002","Mary Podlesak","REP","U.S. Senator           ","","","Y","0",""
"24","003","002","Brandy Baker","UNF","U.S. Senator           ","","","Y","0",""
"24","003","002","Ed Tinus","UNF","U.S. Senator           ","","","Y","1",""
"24","003","002","Other Write-Ins","BOT","U.S. Senator           ","","","Y","1",""
"24","003","002","Wendy Rosen","DEM","U.S. Congress","01","","","286",""
"24","003","002","Andy Harris","REP","U.S. Congress","01","Y","","853",""
"24","003","002","Muir Wayne Boda","LIB","U.S. Congress","01","","","53",""
"24","003","002","John LaFerla","DEM","U.S. Congress","01","","Y","43",""
"24","003","002","Michael Calpino","UNF","U.S. Congress","01","","Y","0",""
"24","003","002","Douglas Dryden Rae","UNF","U.S. Congress","01","","Y","0",""
"24","003","002","Other Write-Ins","BOT","U.S. Congress","01","","Y","4",""
"24","003","002","Brian Daniel Shockley","BOT","Judge Circuit Court","01","Y","","1097",""
"24","003","002","Other Write-Ins","BOT","Judge Circuit Court","01","","Y","8",""
"24","003","002","Stuart R. Berger","BOT","Judge Spec Appeal at Lg","","Y","","981","105"
"24","003","002","Sara D. Thompson","NON","Board of Education     ","003","Y","","1058",""
"24","003","002","Other Write-Ins","NON","Board of Education     ","003","","Y","7",""
"24","003","003","Barack Obama","DEM","President - Vice Pres","","Y","","529",""
"24","003","003","Mitt Romney","REP","President - Vice Pres","","","","915",""
"24","003","003","Gary Johnson","LIB","President - Vice Pres","","","","26",""
"24","003","003","Jill Stein","GRN","President - Vice Pres","","","","10",""
"24","003","003","Tiffany Renee Briscoe","DEM","President - Vice Pres","","","Y","0",""
"24","003","003","Dennis Knill","DEM","President - Vice Pres","","","Y","0",""
"24","003","003","Matthew Lydick","REP","President - Vice Pres","","","Y","0",""
"24","003","003","Barbara A. Prokopich","REP","President - Vice Pres","","","Y","0",""
"24","003","003","Santa Claus","IND","President - Vice Pres","","","Y","0",""
"24","003","003","Richard Duncan","IND","President - Vice Pres","","","Y","0",""
"24","003","003","Bruce Mlynski","IND","President - Vice Pres","","","Y","0",""
"24","003","003","Kevin M. Thorne","IND","President - Vice Pres","","","Y","0",""
"24","003","003","James Clymer","CON","President - Vice Pres","","","Y","0",""
"24","003","003","Virgil Goode","CON","President - Vice Pres","","","Y","0",""
"24","003","003","Ross C. Rocky Anderson","OTH","President - Vice Pres","","","Y","0",""
"24","003","003","Andre Barnett","OTH","President - Vice Pres","","","Y","0",""
"24","003","003","Roseanne Barr","OTH","President - Vice Pres","","","Y","0",""
"24","003","003","Will Christensen","OTH","President - Vice Pres","","","Y","0",""
"24","003","003","Stephen Durham","OTH","President - Vice Pres","","","Y","0",""
"24","003","003","Merlin Miller","OTH","President - Vice Pres","","","Y","0",""
"24","003","003","Leon Leo Ray","OTH","President - Vice Pres","","","Y","0",""
"24","003","003","Michael David Boyles","UNF","President - Vice Pres","","","Y","0",""
"24","003","003","Theodis (Ted) Brown, Sr.","UNF","President - Vice Pres","","","Y","0",""
"24","003","003","Paul Chehade","UNF","President - Vice Pres","","","Y","0",""
"24","003","003","David M. Crosby","UNF","President - Vice Pres","","","Y","0",""
"24","003","003","Fred Donald Dickson, Jr.","UNF","President - Vice Pres","","","Y","0",""
"24","003","003","Robert William Dietz","UNF","President - Vice Pres","","","Y","0",""
"24","003","003","Dwight Kenneth French","UNF","President - Vice Pres","","","Y","0",""
"24","003","003","Darrell Hykes","UNF","President - Vice Pres","","","Y","0",""
"24","003","003","Nelson Keyton","UNF","President - Vice Pres","","","Y","0",""
"24","003","003","Dean Morstad","UNF","President - Vice Pres","","","Y","0",""
"24","003","003","Deonia Neveu","UNF","President - Vice Pres","","","Y","0",""
"24","003","003","Terrance James O'Hara","UNF","President - Vice Pres","","","Y","0",""
"24","003","003","Jill Reed","UNF","President - Vice Pres","","","Y","0",""
"24","003","003","Cecil James Roth","UNF","President - Vice Pres","","","Y","0",""
"24","003","003","Sheila Tittle","UNF","President - Vice Pres","","","Y","0",""
"24","003","003","Other Write-Ins","BOT","President - Vice Pres","","","Y","5",""
"24","003","003","Ben Cardin","DEM","U.S. Senator           ","","Y","","436",""
"24","003","003","Daniel John Bongino","REP","U.S. Senator           ","","","","644",""
"24","003","003","Dean Ahmad","LIB","U.S. Senator           ","","","","16",""
"24","003","003","S. Rob Sobhani","UNF","U.S. Senator           ","","","","353",""
"24","003","003","Lih Young","DEM","U.S. Senator           ","","","Y","0",""
"24","003","003","Mary Podlesak","REP","U.S. Senator           ","","","Y","0",""
"24","003","003","Brandy Baker","UNF","U.S. Senator           ","","","Y","0",""
"24","003","003","Ed Tinus","UNF","U.S. Senator           ","","","Y","1",""
"24","003","003","Other Write-Ins","BOT","U.S. Senator           ","","","Y","2",""
"24","003","003","Wendy Rosen","DEM","U.S. Congress","01","","","322",""
"24","003","003","Andy Harris","REP","U.S. Congress","01","Y","","923",""
"24","003","003","Muir Wayne Boda","LIB","U.S. Congress","01","","","59",""
"24","003","003","John LaFerla","DEM","U.S. Congress","01","","Y","113",""
"24","003","003","Michael Calpino","UNF","U.S. Congress","01","","Y","0",""
"24","003","003","Douglas Dryden Rae","UNF","U.S. Congress","01","","Y","0",""
"24","003","003","Other Write-Ins","BOT","U.S. Congress","01","","Y","0",""
"24","003","003","Brian Daniel Shockley","BOT","Judge Circuit Court","01","Y","","1271",""
"24","003","003","Other Write-Ins","BOT","Judge Circuit Court","01","","Y","8",""
"24","003","003","Stuart R. Berger","BOT","Judge Spec Appeal at Lg","","Y","","1135","86"
"24","003","003","Sara D. Thompson","NON","Board of Education     ","003","Y","","1238",""
"24","003","003","Other Write-Ins","NON","Board of Education     ","003","","Y","16",""
"24","004","001","Barack Obama","DEM","President - Vice Pres","","Y","","101",""
"24","004","001","Mitt Romney","REP","President - Vice Pres","","","","217",""
"24","004","001","Gary Johnson","LIB","President - Vice Pres","","","","2",""
"24","004","001","Jill Stein","GRN","President - Vice Pres","","","","4",""
"24","004","001","Tiffany Renee Briscoe","DEM","President - Vice Pres","","","Y","0",""
"24","004","001","Dennis Knill","DEM","President - Vice Pres","","","Y","0",""
"24","004","001","Matthew Lydick","REP","President - Vice Pres","","","Y","0",""
"24","004","001","Barbara A. Prokopich","REP","President - Vice Pres","","","Y","0",""
"24","004","001","Santa Claus","IND","President - Vice Pres","","","Y","0",""
"24","004","001","Richard Duncan","IND","President - Vice Pres","","","Y","0",""
"24","004","001","Bruce Mlynski","IND","President - Vice Pres","","","Y","0",""
"24","004","001","Kevin M. Thorne","IND","President - Vice Pres","","","Y","0",""
"24","004","001","James Clymer","CON","President - Vice Pres","","","Y","0",""
"24","004","001","Virgil Goode","CON","President - Vice Pres","","","Y","0",""
"24","004","001","Ross C. Rocky Anderson","OTH","President - Vice Pres","","","Y","0",""
"24","004","001","Andre Barnett","OTH","President - Vice Pres","","","Y","0",""
"24","004","001","Roseanne Barr","OTH","President - Vice Pres","","","Y","0",""
"24","004","001","Will Christensen","OTH","President - Vice Pres","","","Y","0",""
"24","004","001","Stephen Durham","OTH","President - Vice Pres","","","Y","0",""
"24","004","001","Merlin Miller","OTH","President - Vice Pres","","","Y","0",""
"24","004","001","Leon Leo Ray","OTH","President - Vice Pres","","","Y","0",""
"24","004","001","Michael David Boyles","UNF","President - Vice Pres","","","Y","0",""
"24","004","001","Theodis (Ted) Brown, Sr.","UNF","President - Vice Pres","","","Y","0",""
"24","004","001","Paul Chehade","UNF","President - Vice Pres","","","Y","0",""
"24","004","001","David M. Crosby","UNF","President - Vice Pres","","","Y","0",""
"24","004","001","Fred Donald Dickson, Jr.","UNF","President - Vice Pres","","","Y","0",""
"24","004","001","Robert William Dietz","UNF","President - Vice Pres","","","Y","0",""
"24","004","001","Dwight Kenneth French","UNF","President - Vice Pres","","","Y","0",""
"24","004","001","Darrell Hykes","UNF","President - Vice Pres","","","Y","0",""
"24","004","001","Nelson Keyton","UNF","President - Vice Pres","","","Y","0",""
"24","004","001","Dean Morstad","UNF","President - Vice Pres","","","Y","0",""
"24","004","001","Deonia Neveu","UNF","President - Vice Pres","","","Y","0",""
"24","004","001","Terrance James O'Hara","UNF","President - Vice Pres","","","Y","0",""
"24","004","001","Jill Reed","UNF","President - Vice Pres","","","Y","0",""
"24","004","001","Cecil James Roth","UNF","President - Vice Pres","","","Y","0",""
"24","004","001","Sheila Tittle","UNF","President - Vice Pres","","","Y","0",""
"24","004","001","Other Write-Ins","BOT","President - Vice Pres","","","Y","0",""
"24","004","001","Ben Cardin","DEM","U.S. Senator           ","","Y","","92",""
"24","004","001","Daniel John Bongino","REP","U.S. Senator           ","","","","132",""
"24","004","001","Dean Ahmad","LIB","U.S. Senator           ","","","","3",""
"24","004","001","S. Rob Sobhani","UNF","U.S. Senator           ","","","","95",""
"24","004","001","Lih Young","DEM","U.S. Senator           ","","","Y","0",""
"24","004","001","Mary Podlesak","REP","U.S. Senator           ","","","Y","0",""
"24","004","001","Brandy Baker","UNF","U.S. Senator           ","","","Y","0",""
"24","004","001","Ed Tinus","UNF","U.S. Senator           ","","","Y","0",""
"24","004","001","Other Write-Ins","BOT","U.S. Senator           ","","","Y","0",""
"24","004","001","Wendy Rosen","DEM","U.S. Congress","01","","","71",""
"24","004","001","Andy Harris","REP","U.S. Congress","01","Y","","218",""
"24","004","001","Muir Wayne Boda","LIB","U.S. Congress","01","","","17",""
"24","004","001","John LaFerla","DEM","U.S. Congress","01","","Y","7",""
"24","004","001","Michael Calpino","UNF","U.S. Congress","01","","Y","0",""
"24","004","001","Douglas Dryden Rae","UNF","U.S. Congress","01","","Y","0",""
"24","004","001","Other Write-Ins","BOT","U.S. Congress","01","","Y","1",""
"24","004","001","Brian Daniel Shockley","BOT","Judge Circuit Court","01","Y","","265",""
"24","004","001","Other Write-Ins","BOT","Judge Circuit Court","01","","Y","1",""
"24","004","001","Stuart R. Berger","BOT","Judge Spec Appeal at Lg","","Y","","233","32"
"24","004","002","Barack Obama","DEM","President - Vice Pres","","Y","","440",""
"24","004","002","Mitt Romney","REP","President - Vice Pres","","","","961",""
"24","004","002","Gary Johnson","LIB","President - Vice Pres","","","","14",""
"24","004","002","Jill Stein","GRN","President - Vice Pres","","","","1",""
"24","004","002","Tiffany Renee Briscoe","DEM","President - Vice Pres","","","Y","0",""
"24","004","002","Dennis Knill","DEM","President - Vice Pres","","","Y","0",""
"24","004","002","Matthew Lydick","REP","President - Vice Pres","","","Y","0",""
"24","004","002","Barbara A. Prokopich","REP","President - Vice Pres","","","Y","0",""
"24","004","002","Santa Claus","IND","President - Vice Pres","","","Y","0",""
"24","004","002","Richard Duncan","IND","President - Vice Pres","","","Y","0",""
"24","004","002","Bruce Mlynski","IND","President - Vice Pres","","","Y","0",""
"24","004","002","Kevin M. Thorne","IND","President - Vice Pres","","","Y","0",""
"24","004","002","James Clymer","CON","President - Vice Pres","","","Y","0",""
"24","004","002","Virgil Goode","CON","President - Vice Pres","","","Y","0",""
"24","004","002","Ross C. Rocky Anderson","OTH","President - Vice Pres","","","Y","0",""
"24","004","002","Andre Barnett","OTH","President - Vice Pres","","","Y","0",""
"24","004","002","Roseanne Barr","OTH","President - Vice Pres","","","Y","0",""
"24","004","002","Will Christensen","OTH","President - Vice Pres","","","Y","0",""
"24","004","002","Stephen Durham","OTH","President - Vice Pres","","","Y","0",""
"24","004","002","Merlin Miller","OTH","President - Vice Pres","","","Y","0",""
"24","004","002","Leon Leo Ray","OTH","President - Vice Pres","","","Y","0",""
"24","004","002","Michael David Boyles","UNF","President - Vice Pres","","","Y","0",""
"24","004","002","Theodis (Ted) Brown, Sr.","UNF","President - Vice Pres","","","Y","0",""
"24","004","002","Paul Chehade","UNF","President - Vice Pres","","","Y","0",""
"24","004","002","David M. Crosby","UNF","President - Vice Pres","","","Y","0",""
"24","004","002","Fred Donald Dickson, Jr.","UNF","President - Vice Pres","","","Y","0",""
"24","004","002","Robert William Dietz","UNF","President - Vice Pres","","","Y","0",""
"24","004","002","Dwight Kenneth French","UNF","President - Vice Pres","","","Y","0",""
"24","004","002","Darrell Hykes","UNF","President - Vice Pres","","","Y","0",""
"24","004","002","Nelson Keyton","UNF","President - Vice Pres","","","Y","0",""
"24","004","002","Dean Morstad","UNF","President - Vice Pres","","","Y","0",""
"24","004","002","Deonia Neveu","UNF","President - Vice Pres","","","Y","0",""
"24","004","002","Terrance James O'Hara","UNF","President - Vice Pres","","","Y","0",""
"24","004","002","Jill Reed","UNF","President - Vice Pres","","","Y","0",""
"24","004","002","Cecil James Roth","UNF","President - Vice Pres","","","Y","0",""
"24","004","002","Sheila Tittle","UNF","President - Vice Pres","","","Y","0",""
"24","004","002","Other Write-Ins","BOT","President - Vice Pres","","","Y","2",""
"24","004","002","Ben Cardin","DEM","U.S. Senator           ","","Y","","370",""
"24","004","002","Daniel John Bongino","REP","U.S. Senator           ","","","","571",""
"24","004","002","Dean Ahmad","LIB","U.S. Senator           ","","","","9",""
"24","004","002","S. Rob Sobhani","UNF","U.S. Senator           ","","","","411",""
"24","004","002","Lih Young","DEM","U.S. Senator           ","","","Y","0",""
"24","004","002","Mary Podlesak","REP","U.S. Senator           ","","","Y","0",""
"24","004","002","Brandy Baker","UNF","U.S. Senator           ","","","Y","0",""
"24","004","002","Ed Tinus","UNF","U.S. Senator           ","","","Y","0",""
"24","004","002","Other Write-Ins","BOT","U.S. Senator           ","","","Y","2",""
"24","004","002","Wendy Rosen","DEM","U.S. Congress","01","","","273",""
"24","004","002","Andy Harris","REP","U.S. Congress","01","Y","","905",""
"24","004","002","Muir Wayne Boda","LIB","U.S. Congress","01","","","69",""
"24","004","002","John LaFerla","DEM","U.S. Congress","01","","Y","87",""
"24","004","002","Michael Calpino","UNF","U.S. Congress","01","","Y","0",""
"24","004","002","Douglas Dryden Rae","UNF","U.S. Congress","01","","Y","0",""
"24","004","002","Other Write-Ins","BOT","U.S. Congress","01","","Y","0",""
"24","004","002","Brian Daniel Shockley","BOT","Judge Circuit Court","01","Y","","1154",""
"24","004","002","Other Write-Ins","BOT","Judge Circuit Court","01","","Y","4",""
"24","004","002","Stuart R. Berger","BOT","Judge Spec Appeal at Lg","","Y","","1015","143"
"24","004","003","Barack Obama","DEM","President - Vice Pres","","Y","","321",""
"24","004","003","Mitt Romney","REP","President - Vice Pres","","","","539",""
"24","004","003","Gary Johnson","LIB","President - Vice Pres","","","","11",""
"24","004","003","Jill Stein","GRN","President - Vice Pres","","","","9",""
"24","004","003","Tiffany Renee Briscoe","DEM","President - Vice Pres","","","Y","0",""
"24","004","003","Dennis Knill","DEM","President - Vice Pres","","","Y","0",""
"24","004","003","Matthew Lydick","REP","President - Vice Pres","","","Y","0",""
"24","004","003","Barbara A. Prokopich","REP","President - Vice Pres","","","Y","0",""
"24","004","003","Santa Claus","IND","President - Vice Pres","","","Y","0",""
"24","004","003","Richard Duncan","IND","President - Vice Pres","","","Y","0",""
"24","004","003","Bruce Mlynski","IND","President - Vice Pres","","","Y","0",""
"24","004","003","Kevin M. Thorne","IND","President - Vice Pres","","","Y","0",""
"24","004","003","James Clymer","CON","President - Vice Pres","","","Y","0",""
"24","004","003","Virgil Goode","CON","President - Vice Pres","","","Y","1",""
"24","004","003","Ross C. Rocky Anderson","OTH","President - Vice Pres","","","Y","0",""
"24","004","003","Andre Barnett","OTH","President - Vice Pres","","","Y","0",""
"24","004","003","Roseanne Barr","OTH","President - Vice Pres","","","Y","0",""
"24","004","003","Will Christensen","OTH","President - Vice Pres","","","Y","0",""
"24","004","003","Stephen Durham","OTH","President - Vice Pres","","","Y","0",""
"24","004","003","Merlin Miller","OTH","President - Vice Pres","","","Y","0",""
"24","004","003","Leon Leo Ray","OTH","President - Vice Pres","","","Y","0",""
"24","004","003","Michael David Boyles","UNF","President - Vice Pres","","","Y","0",""
"24","004","003","Theodis (Ted) Brown, Sr.","UNF","President - Vice Pres","","","Y","0",""
"24","004","003","Paul Chehade","UNF","President - Vice Pres","","","Y","0",""
"24","004","003","David M. Crosby","UNF","President - Vice Pres","","","Y","0",""
"24","004","003","Fred Donald Dickson, Jr.","UNF","President - Vice Pres","","","Y","0",""
"24","004","003","Robert William Dietz","UNF","President - Vice Pres","","","Y","0",""
"24","004","003","Dwight Kenneth French","UNF","President - Vice Pres","","","Y","0",""
"24","004","003","Darrell Hykes","UNF","President - Vice Pres","","","Y","0",""
"24","004","003","Nelson Keyton","UNF","President - Vice Pres","","","Y","0",""
"24","004","003","Dean Morstad","UNF","President - Vice Pres","","","Y","0",""
"24","004","003","Deonia Neveu","UNF","President - Vice Pres","","","Y","0",""
"24","004","003","Terrance James O'Hara","UNF","President - Vice Pres","","","Y","0",""
"24","004","003","Jill Reed","UNF","President - Vice Pres","","","Y","0",""
"24","004","003","Cecil James Roth","UNF","President - Vice Pres","","","Y","0",""
"24","004","003","Sheila Tittle","UNF","President - Vice Pres","","","Y","0",""
"24","004","003","Other Write-Ins","BOT","President - Vice Pres","","","Y","1",""
"24","004","003","Ben Cardin","DEM","U.S. Senator           ","","Y","","258",""
"24","004","003","Daniel John Bongino","REP","U.S. Senator           ","","","","337",""
"24","004","003","Dean Ahmad","LIB","U.S. Senator           ","","","","11",""
"24","004","003","S. Rob Sobhani","UNF","U.S. Senator           ","","","","226",""
"24","004","003","Lih Young","DEM","U.S. Senator           ","","","Y","0",""
"24","004","003","Mary Podlesak","REP","U.S. Senator           ","","","Y","0",""
"24","004","003","Brandy Baker","UNF","U.S. Senator           ","","","Y","0",""
"24","004","003","Ed Tinus","UNF","U.S. Senator           ","","","Y","8",""
"24","004","003","Other Write-Ins","BOT","U.S. Senator           ","","","Y","5",""
"24","004","003","Wendy Rosen","DEM","U.S. Congress","01","","","224",""
"24","004","003","Andy Harris","REP","U.S. Congress","01","Y","","547",""
"24","004","003","Muir Wayne Boda","LIB","U.S. Congress","01","","","39",""
"24","004","003","John LaFerla","DEM","U.S. Congress","01","","Y","17",""
"24","004","003","Michael Calpino","UNF","U.S. Congress","01","","Y","1",""
"24","004","003","Douglas Dryden Rae","UNF","U.S. Congress","01","","Y","0",""
"24","004","003","Other Write-Ins","BOT","U.S. Congress","01","","Y","5",""
"24","004","003","Brian Daniel Shockley","BOT","Judge Circuit Court","01","Y","","740",""
"24","004","003","Other Write-Ins","BOT","Judge Circuit Court","01","","Y","4",""
"24","004","003","Stuart R. Berger","BOT","Judge Spec Appeal at Lg","","Y","","651","87"
"24","005","001","Barack Obama","DEM","President - Vice Pres","","Y","","792",""
"24","005","001","Mitt Romney","REP","President - Vice Pres","","","","1364",""
"24","005","001","Gary Johnson","LIB","President - Vice Pres","","","","25",""
"24","005","001","Jill Stein","GRN","President - Vice Pres","","","","10",""
"24","005","001","Tiffany Renee Briscoe","DEM","President - Vice Pres","","","Y","0",""
"24","005","001","Dennis Knill","DEM","President - Vice Pres","","","Y","0",""
"24","005","001","Matthew Lydick","REP","President - Vice Pres","","","Y","0",""
"24","005","001","Barbara A. Prokopich","REP","President - Vice Pres","","","Y","0",""
"24","005","001","Santa Claus","IND","President - Vice Pres","","","Y","0",""
"24","005","001","Richard Duncan","IND","President - Vice Pres","","","Y","0",""
"24","005","001","Bruce Mlynski","IND","President - Vice Pres","","","Y","0",""
"24","005","001","Kevin M. Thorne","IND","President - Vice Pres","","","Y","0",""
"24","005","001","James Clymer","CON","President - Vice Pres","","","Y","0",""
"24","005","001","Virgil Goode","CON","President - Vice Pres","","","Y","0",""
"24","005","001","Ross C. Rocky Anderson","OTH","President - Vice Pres","","","Y","0",""
"24","005","001","Andre Barnett","OTH","President - Vice Pres","","","Y","0",""
"24","005","001","Roseanne Barr","OTH","President - Vice Pres","","","Y","0",""
"24","005","001","Will Christensen","OTH","President - Vice Pres","","","Y","0",""
"24","005","001","Stephen Durham","OTH","President - Vice Pres","","","Y","0",""
"24","005","001","Merlin Miller","OTH","President - Vice Pres","","","Y","0",""
"24","005","001","Leon Leo Ray","OTH","President - Vice Pres","","","Y","0",""
"24","005","001","Michael David Boyles","UNF","President - Vice Pres","","","Y","0",""
"24","005","001","Theodis (Ted) Brown, Sr.","UNF","President - Vice Pres","","","Y","0",""
"24","005","001","Paul Chehade","UNF","President - Vice Pres","","","Y","0",""
"24","005","001","David M. Crosby","UNF","President - Vice Pres","","","Y","0",""
"24","005","001","Fred Donald Dickson, Jr.","UNF","President - Vice Pres","","","Y","0",""
"24","005","001","Robert William Dietz","UNF","President - Vice Pres","","","Y","0",""
"24","005","001","Dwight Kenneth French","UNF","President - Vice Pres","","","Y","0",""
"24","005","001","Darrell Hykes","UNF","President - Vice Pres","","","Y","0",""
"24","005","001","Nelson Keyton","UNF","President - Vice Pres","","","Y","0",""
"24","005","001","Dean Morstad","UNF","President - Vice Pres","","","Y","0",""
"24","005","001","Deonia Neveu","UNF","President - Vice Pres","","","Y","0",""
"24","005","001","Terrance James O'Hara","UNF","President - Vice Pres","","","Y","0",""
"24","005","001","Jill Reed","UNF","President - Vice Pres","","","Y","0",""
"24","005","001","Cecil James Roth","UNF","President - Vice Pres","","","Y","0",""
"24","005","001","Sheila Tittle","UNF","President - Vice Pres","","","Y","0",""
"24","005","001","Other Write-Ins","BOT","President - Vice Pres","","","Y","5",""
"24","005","001","Ben Cardin","DEM","U.S. Senator           ","","Y","","679",""
"24","005","001","Daniel John Bongino","REP","U.S. Senator           ","","","","1050",""
"24","005","001","Dean Ahmad","LIB","U.S. Senator           ","","","","20",""
"24","005","001","S. Rob Sobhani","UNF","U.S. Senator           ","","","","396",""
"24","005","001","Lih Young","DEM","U.S. Senator           ","","","Y","0",""
"24","005","001","Mary Podlesak","REP","U.S. Senator           ","","","Y","0",""
"24","005","001","Brandy Baker","UNF","U.S. Senator           ","","","Y","0",""
"24","005","001","Ed Tinus","UNF","U.S. Senator           ","","","Y","0",""
"24","005","001","Other Write-Ins","BOT","U.S. Senator           ","","","Y","4",""
"24","005","001","Wendy Rosen","DEM","U.S. Congress","01","","","490",""
"24","005","001","Andy Harris","REP","U.S. Congress","01","Y","","1381",""
"24","005","001","Muir Wayne Boda","LIB","U.S. Congress","01","","","68",""
"24","005","001","John LaFerla","DEM","U.S. Congress","01","","Y","133",""
"24","005","001","Michael Calpino","UNF","U.S. Congress","01","","Y","0",""
"24","005","001","Douglas Dryden Rae","UNF","U.S. Congress","01","","Y","0",""
"24","005","001","Other Write-Ins","BOT","U.S. Congress","01","","Y","9",""
"24","005","001","Brian Daniel Shockley","BOT","Judge Circuit Court","01","Y","","1730",""
"24","005","001","Other Write-Ins","BOT","Judge Circuit Court","01","","Y","10",""
"24","005","001","Stuart R. Berger","BOT","Judge Spec Appeal at Lg","","Y","","1609","172"
"24","005","001","Jonathan C. Cook","NON","Board of Education     ","005","Y","","1739",""
"24","005","001","Other Write-Ins","NON","Board of Education     ","005","","Y","5",""
"24","005","002","Barack Obama","DEM","President - Vice Pres","","Y","","537",""
"24","005","002","Mitt Romney","REP","President - Vice Pres","","","","739",""
"24","005","002","Gary Johnson","LIB","President - Vice Pres","","","","17",""
"24","005","002","Jill Stein","GRN","President - Vice Pres","","","","6",""
"24","005","002","Tiffany Renee Briscoe","DEM","President - Vice Pres","","","Y","0",""
"24","005","002","Dennis Knill","DEM","President - Vice Pres","","","Y","0",""
"24","005","002","Matthew Lydick","REP","President - Vice Pres","","","Y","0",""
"24","005","002","Barbara A. Prokopich","REP","President - Vice Pres","","","Y","0",""
"24","005","002","Santa Claus","IND","President - Vice Pres","","","Y","0",""
"24","005","002","Richard Duncan","IND","President - Vice Pres","","","Y","0",""
"24","005","002","Bruce Mlynski","IND","President - Vice Pres","","","Y","0",""
"24","005","002","Kevin M. Thorne","IND","President - Vice Pres","","","Y","0",""
"24","005","002","James Clymer","CON","President - Vice Pres","","","Y","0",""
"24","005","002","Virgil Goode","CON","President - Vice Pres","","","Y","0",""
"24","005","002","Ross C. Rocky Anderson","OTH","President - Vice Pres","","","Y","0",""
"24","005","002","Andre Barnett","OTH","President - Vice Pres","","","Y","0",""
"24","005","002","Roseanne Barr","OTH","President - Vice Pres","","","Y","0",""
"24","005","002","Will Christensen","OTH","President - Vice Pres","","","Y","0",""
"24","005","002","Stephen Durham","OTH","President - Vice Pres","","","Y","0",""
"24","005","002","Merlin Miller","OTH","President - Vice Pres","","","Y","0",""
"24","005","002","Leon Leo Ray","OTH","President - Vice Pres","","","Y","0",""
"24","005","002","Michael David Boyles","UNF","President - Vice Pres","","","Y","0",""
"24","005","002","Theodis (Ted) Brown, Sr.","UNF","President - Vice Pres","","","Y","0",""
"24","005","002","Paul Chehade","UNF","President - Vice Pres","","","Y","0",""
"24","005","002","David M. Crosby","UNF","President - Vice Pres","","","Y","0",""
"24","005","002","Fred Donald Dickson, Jr.","UNF","President - Vice Pres","","","Y","0",""
"24","005","002","Robert William Dietz","UNF","President - Vice Pres","","","Y","0",""
"24","005","002","Dwight Kenneth French","UNF","President - Vice Pres","","","Y","0",""
"24","005","002","Darrell Hykes","UNF","President - Vice Pres","","","Y","0",""
"24","005","002","Nelson Keyton","UNF","President - Vice Pres","","","Y","0",""
"24","005","002","Dean Morstad","UNF","President - Vice Pres","","","Y","0",""
"24","005","002","Deonia Neveu","UNF","President - Vice Pres","","","Y","0",""
"24","005","002","Terrance James O'Hara","UNF","President - Vice Pres","","","Y","0",""
"24","005","002","Jill Reed","UNF","President - Vice Pres","","","Y","0",""
"24","005","002","Cecil James Roth","UNF","President - Vice Pres","","","Y","0",""
"24","005","002","Sheila Tittle","UNF","President - Vice Pres","","","Y","0",""
"24","005","002","Other Write-Ins","BOT","President - Vice Pres","","","Y","3",""
"24","005","002","Ben Cardin","DEM","U.S. Senator           ","","Y","","445",""
"24","005","002","Daniel John Bongino","REP","U.S. Senator           ","","","","550",""
"24","005","002","Dean Ahmad","LIB","U.S. Senator           ","","","","20",""
"24","005","002","S. Rob Sobhani","UNF","U.S. Senator           ","","","","267",""
"24","005","002","Lih Young","DEM","U.S. Senator           ","","","Y","0",""
"24","005","002","Mary Podlesak","REP","U.S. Senator           ","","","Y","0",""
"24","005","002","Brandy Baker","UNF","U.S. Senator           ","","","Y","0",""
"24","005","002","Ed Tinus","UNF","U.S. Senator           ","","","Y","0",""
"24","005","002","Other Write-Ins","BOT","U.S. Senator           ","","","Y","0",""
"24","005","002","Wendy Rosen","DEM","U.S. Congress","01","","","362",""
"24","005","002","Andy Harris","REP","U.S. Congress","01","Y","","753",""
"24","005","002","Muir Wayne Boda","LIB","U.S. Congress","01","","","65",""
"24","005","002","John LaFerla","DEM","U.S. Congress","01","","Y","68",""
"24","005","002","Michael Calpino","UNF","U.S. Congress","01","","Y","0",""
"24","005","002","Douglas Dryden Rae","UNF","U.S. Congress","01","","Y","0",""
"24","005","002","Other Write-Ins","BOT","U.S. Congress","01","","Y","5",""
"24","005","002","Brian Daniel Shockley","BOT","Judge Circuit Court","01","Y","","1055",""
"24","005","002","Other Write-Ins","BOT","Judge Circuit Court","01","","Y","5",""
"24","005","002","Stuart R. Berger","BOT","Judge Spec Appeal at Lg","","Y","","959","116"
"24","005","002","Jonathan C. Cook","NON","Board of Education     ","005","Y","","1042",""
"24","005","002","Other Write-Ins","NON","Board of Education     ","005","","Y","6",""
"24","006","001","Barack Obama","DEM","President - Vice Pres","","Y","","390",""
"24","006","001","Mitt Romney","REP","President - Vice Pres","","","","772",""
"24","006","001","Gary Johnson","LIB","President - Vice Pres","","","","9",""
"24","006","001","Jill Stein","GRN","President - Vice Pres","","","","5",""
"24","006","001","Tiffany Renee Briscoe","DEM","President - Vice Pres","","","Y","0",""
"24","006","001","Dennis Knill","DEM","President - Vice Pres","","","Y","0",""
"24","006","001","Matthew Lydick","REP","President - Vice Pres","","","Y","0",""
"24","006","001","Barbara A. Prokopich","REP","President - Vice Pres","","","Y","0",""
"24","006","001","Santa Claus","IND","President - Vice Pres","","","Y","0",""
"24","006","001","Richard Duncan","IND","President - Vice Pres","","","Y","0",""
"24","006","001","Bruce Mlynski","IND","President - Vice Pres","","","Y","0",""
"24","006","001","Kevin M. Thorne","IND","President - Vice Pres","","","Y","0",""
"24","006","001","James Clymer","CON","President - Vice Pres","","","Y","0",""
"24","006","001","Virgil Goode","CON","President - Vice Pres","","","Y","0",""
"24","006","001","Ross C. Rocky Anderson","OTH","President - Vice Pres","","","Y","0",""
"24","006","001","Andre Barnett","OTH","President - Vice Pres","","","Y","0",""
"24","006","001","Roseanne Barr","OTH","President - Vice Pres","","","Y","0",""
"24","006","001","Will Christensen","OTH","President - Vice Pres","","","Y","0",""
"24","006","001","Stephen Durham","OTH","President - Vice Pres","","","Y","0",""
"24","006","001","Merlin Miller","OTH","President - Vice Pres","","","Y","0",""
"24","006","001","Leon Leo Ray","OTH","President - Vice Pres","","","Y","0",""
"24","006","001","Michael David Boyles","UNF","President - Vice Pres","","","Y","0",""
"24","006","001","Theodis (Ted) Brown, Sr.","UNF","President - Vice Pres","","","Y","0",""
"24","006","001","Paul Chehade","UNF","President - Vice Pres","","","Y","0",""
"24","006","001","David M. Crosby","UNF","President - Vice Pres","","","Y","0",""
"24","006","001","Fred Donald Dickson, Jr.","UNF","President - Vice Pres","","","Y","0",""
"24","006","001","Robert William Dietz","UNF","President - Vice Pres","","","Y","0",""
"24","006","001","Dwight Kenneth French","UNF","President - Vice Pres","","","Y","0",""
"24","006","001","Darrell Hykes","UNF","President - Vice Pres","","","Y","0",""
"24","006","001","Nelson Keyton","UNF","President - Vice Pres","","","Y","0",""
"24","006","001","Dean Morstad","UNF","President - Vice Pres","","","Y","0",""
"24","006","001","Deonia Neveu","UNF","President - Vice Pres","","","Y","0",""
"24","006","001","Terrance James O'Hara","UNF","President - Vice Pres","","","Y","0",""
"24","006","001","Jill Reed","UNF","President - Vice Pres","","","Y","0",""
"24","006","001","Cecil James Roth","UNF","President - Vice Pres","","","Y","0",""
"24","006","001","Sheila Tittle","UNF","President - Vice Pres","","","Y","0",""
"24","006","001","Other Write-Ins","BOT","President - Vice Pres","","","Y","2",""
"24","006","001","Ben Cardin","DEM","U.S. Senator           ","","Y","","337",""
"24","006","001","Daniel John Bongino","REP","U.S. Senator           ","","","","618",""
"24","006","001","Dean Ahmad","LIB","U.S. Senator           ","","","","14",""
"24","006","001","S. Rob Sobhani","UNF","U.S. Senator           ","","","","193",""
"24","006","001","Lih Young","DEM","U.S. Senator           ","","","Y","0",""
"24","006","001","Mary Podlesak","REP","U.S. Senator           ","","","Y","0",""
"24","006","001","Brandy Baker","UNF","U.S. Senator           ","","","Y","0",""
"24","006","001","Ed Tinus","UNF","U.S. Senator           ","","","Y","0",""
"24","006","001","Other Write-Ins","BOT","U.S. Senator           ","","","Y","0",""
"24","006","001","Wendy Rosen","DEM","U.S. Congress","01","","","218",""
"24","006","001","Andy Harris","REP","U.S. Congress","01","Y","","774",""
"24","006","001","Muir Wayne Boda","LIB","U.S. Congress","01","","","36",""
"24","006","001","John LaFerla","DEM","U.S. Congress","01","","Y","96",""
"24","006","001","Michael Calpino","UNF","U.S. Congress","01","","Y","0",""
"24","006","001","Douglas Dryden Rae","UNF","U.S. Congress","01","","Y","0",""
"24","006","001","Other Write-Ins","BOT","U.S. Congress","01","","Y","1",""
"24","006","001","Brian Daniel Shockley","BOT","Judge Circuit Court","01","Y","","975",""
"24","006","001","Other Write-Ins","BOT","Judge Circuit Court","01","","Y","5",""
"24","006","001","Stuart R. Berger","BOT","Judge Spec Appeal at Lg","","Y","","882","102"
"24","006","002","Barack Obama","DEM","President - Vice Pres","","Y","","377",""
"24","006","002","Mitt Romney","REP","President - Vice Pres","","","","538",""
"24","006","002","Gary Johnson","LIB","President - Vice Pres","","","","6",""
"24","006","002","Jill Stein","GRN","President - Vice Pres","","","","1",""
"24","006","002","Tiffany Renee Briscoe","DEM","President - Vice Pres","","","Y","0",""
"24","006","002","Dennis Knill","DEM","President - Vice Pres","","","Y","0",""
"24","006","002","Matthew Lydick","REP","President - Vice Pres","","","Y","0",""
"24","006","002","Barbara A. Prokopich","REP","President - Vice Pres","","","Y","0",""
"24","006","002","Santa Claus","IND","President - Vice Pres","","","Y","0",""
"24","006","002","Richard Duncan","IND","President - Vice Pres","","","Y","0",""
"24","006","002","Bruce Mlynski","IND","President - Vice Pres","","","Y","0",""
"24","006","002","Kevin M. Thorne","IND","President - Vice Pres","","","Y","0",""
"24","006","002","James Clymer","CON","President - Vice Pres","","","Y","0",""
"24","006","002","Virgil Goode","CON","President - Vice Pres","","","Y","0",""
"24","006","002","Ross C. Rocky Anderson","OTH","President - Vice Pres","","","Y","0",""
"24","006","002","Andre Barnett","OTH","President - Vice Pres","","","Y","0",""
"24","006","002","Roseanne Barr","OTH","President - Vice Pres","","","Y","0",""
"24","006","002","Will Christensen","OTH","President - Vice Pres","","","Y","0",""
"24","006","002","Stephen Durham","OTH","President - Vice Pres","","","Y","0",""
"24","006","002","Merlin Miller","OTH","President - Vice Pres","","","Y","0",""
"24","006","002","Leon Leo Ray","OTH","President - Vice Pres","","","Y","0",""
"24","006","002","Michael David Boyles","UNF","President - Vice Pres","","","Y","0",""
"24","006","002","Theodis (Ted) Brown, Sr.","UNF","President - Vice Pres","","","Y","0",""
"24","006","002","Paul Chehade","UNF","President - Vice Pres","","","Y","0",""
"24","006","002","David M. Crosby","UNF","President - Vice Pres","","","Y","0",""
"24","006","002","Fred Donald Dickson, Jr.","UNF","President - Vice Pres","","","Y","0",""
"24","006","002","Robert William Dietz","UNF","President - Vice Pres","","","Y","0",""
"24","006","002","Dwight Kenneth French","UNF","President - Vice Pres","","","Y","0",""
"24","006","002","Darrell Hykes","UNF","President - Vice Pres","","","Y","0",""
"24","006","002","Nelson Keyton","UNF","President - Vice Pres","","","Y","0",""
"24","006","002","Dean Morstad","UNF","President - Vice Pres","","","Y","0",""
"24","006","002","Deonia Neveu","UNF","President - Vice Pres","","","Y","0",""
"24","006","002","Terrance James O'Hara","UNF","President - Vice Pres","","","Y","0",""
"24","006","002","Jill Reed","UNF","President - Vice Pres","","","Y","0",""
"24","006","002","Cecil James Roth","UNF","President - Vice Pres","","","Y","0",""
"24","006","002","Sheila Tittle","UNF","President - Vice Pres","","","Y","0",""
"24","006","002","Other Write-Ins","BOT","President - Vice Pres","","","Y","0",""
"24","006","002","Ben Cardin","DEM","U.S. Senator           ","","Y","","290",""
"24","006","002","Daniel John Bongino","REP","U.S. Senator           ","","","","427",""
"24","006","002","Dean Ahmad","LIB","U.S. Senator           ","","","","9",""
"24","006","002","S. Rob Sobhani","UNF","U.S. Senator           ","","","","175",""
"24","006","002","Lih Young","DEM","U.S. Senator           ","","","Y","0",""
"24","006","002","Mary Podlesak","REP","U.S. Senator           ","","","Y","0",""
"24","006","002","Brandy Baker","UNF","U.S. Senator           ","","","Y","0",""
"24","006","002","Ed Tinus","UNF","U.S. Senator           ","","","Y","0",""
"24","006","002","Other Write-Ins","BOT","U.S. Senator           ","","","Y","1",""
"24","006","002","Wendy Rosen","DEM","U.S. Congress","01","","","225",""
"24","006","002","Andy Harris","REP","U.S. Congress","01","Y","","543",""
"24","006","002","Muir Wayne Boda","LIB","U.S. Congress","01","","","28",""
"24","006","002","John LaFerla","DEM","U.S. Congress","01","","Y","74",""
"24","006","002","Michael Calpino","UNF","U.S. Congress","01","","Y","0",""
"24","006","002","Douglas Dryden Rae","UNF","U.S. Congress","01","","Y","0",""
"24","006","002","Other Write-Ins","BOT","U.S. Congress","01","","Y","4",""
"24","006","002","Brian Daniel Shockley","BOT","Judge Circuit Court","01","Y","","758",""
"24","006","002","Other Write-Ins","BOT","Judge Circuit Court","01","","Y","5",""
"24","006","002","Stuart R. Berger","BOT","Judge Spec Appeal at Lg","","Y","","672","96"
"24","006","003","Barack Obama","DEM","President - Vice Pres","","Y","","405",""
"24","006","003","Mitt Romney","REP","President - Vice Pres","","","","794",""
"24","006","003","Gary Johnson","LIB","President - Vice Pres","","","","9",""
"24","006","003","Jill Stein","GRN","President - Vice Pres","","","","7",""
"24","006","003","Tiffany Renee Briscoe","DEM","President - Vice Pres","","","Y","0",""
"24","006","003","Dennis Knill","DEM","President - Vice Pres","","","Y","0",""
"24","006","003","Matthew Lydick","REP","President - Vice Pres","","","Y","0",""
"24","006","003","Barbara A. Prokopich","REP","President - Vice Pres","","","Y","0",""
"24","006","003","Santa Claus","IND","President - Vice Pres","","","Y","0",""
"24","006","003","Richard Duncan","IND","President - Vice Pres","","","Y","0",""
"24","006","003","Bruce Mlynski","IND","President - Vice Pres","","","Y","0",""
"24","006","003","Kevin M. Thorne","IND","President - Vice Pres","","","Y","0",""
"24","006","003","James Clymer","CON","President - Vice Pres","","","Y","0",""
"24","006","003","Virgil Goode","CON","President - Vice Pres","","","Y","0",""
"24","006","003","Ross C. Rocky Anderson","OTH","President - Vice Pres","","","Y","0",""
"24","006","003","Andre Barnett","OTH","President - Vice Pres","","","Y","0",""
"24","006","003","Roseanne Barr","OTH","President - Vice Pres","","","Y","0",""
"24","006","003","Will Christensen","OTH","President - Vice Pres","","","Y","0",""
"24","006","003","Stephen Durham","OTH","President - Vice Pres","","","Y","0",""
"24","006","003","Merlin Miller","OTH","President - Vice Pres","","","Y","0",""
"24","006","003","Leon Leo Ray","OTH","President - Vice Pres","","","Y","0",""
"24","006","003","Michael David Boyles","UNF","President - Vice Pres","","","Y","0",""
"24","006","003","Theodis (Ted) Brown, Sr.","UNF","President - Vice Pres","","","Y","0",""
"24","006","003","Paul Chehade","UNF","President - Vice Pres","","","Y","0",""
"24","006","003","David M. Crosby","UNF","President - Vice Pres","","","Y","0",""
"24","006","003","Fred Donald Dickson, Jr.","UNF","President - Vice Pres","","","Y","0",""
"24","006","003","Robert William Dietz","UNF","President - Vice Pres","","","Y","0",""
"24","006","003","Dwight Kenneth French","UNF","President - Vice Pres","","","Y","0",""
"24","006","003","Darrell Hykes","UNF","President - Vice Pres","","","Y","0",""
"24","006","003","Nelson Keyton","UNF","President - Vice Pres","","","Y","0",""
"24","006","003","Dean Morstad","UNF","President - Vice Pres","","","Y","0",""
"24","006","003","Deonia Neveu","UNF","President - Vice Pres","","","Y","0",""
"24","006","003","Terrance James O'Hara","UNF","President - Vice Pres","","","Y","0",""
"24","006","003","Jill Reed","UNF","President - Vice Pres","","","Y","0",""
"24","006","003","Cecil James Roth","UNF","President - Vice Pres","","","Y","0",""
"24","006","003","Sheila Tittle","UNF","President - Vice Pres","","","Y","0",""
"24","006","003","Other Write-Ins","BOT","President - Vice Pres","","","Y","1",""
"24","006","003","Ben Cardin","DEM","U.S. Senator           ","","Y","","332",""
"24","006","003","Daniel John Bongino","REP","U.S. Senator           ","","","","540",""
"24","006","003","Dean Ahmad","LIB","U.S. Senator           ","","","","13",""
"24","006","003","S. Rob Sobhani","UNF","U.S. Senator           ","","","","305",""
"24","006","003","Lih Young","DEM","U.S. Senator           ","","","Y","0",""
"24","006","003","Mary Podlesak","REP","U.S. Senator           ","","","Y","0",""
"24","006","003","Brandy Baker","UNF","U.S. Senator           ","","","Y","0",""
"24","006","003","Ed Tinus","UNF","U.S. Senator           ","","","Y","0",""
"24","006","003","Other Write-Ins","BOT","U.S. Senator           ","","","Y","1",""
"24","006","003","Wendy Rosen","DEM","U.S. Congress","01","","","254",""
"24","006","003","Andy Harris","REP","U.S. Congress","01","Y","","795",""
"24","006","003","Muir Wayne Boda","LIB","U.S. Congress","01","","","38",""
"24","006","003","John LaFerla","DEM","U.S. Congress","01","","Y","70",""
"24","006","003","Michael Calpino","UNF","U.S. Congress","01","","Y","0",""
"24","006","003","Douglas Dryden Rae","UNF","U.S. Congress","01","","Y","0",""
"24","006","003","Other Write-Ins","BOT","U.S. Congress","01","","Y","2",""
"24","006","003","Brian Daniel Shockley","BOT","Judge Circuit Court","01","Y","","1028",""
"24","006","003","Other Write-Ins","BOT","Judge Circuit Court","01","","Y","5",""
"24","006","003","Stuart R. Berger","BOT","Judge Spec Appeal at Lg","","Y","","913","98"
"24","007","001","Barack Obama","DEM","President - Vice Pres","","Y","","1111",""
"24","007","001","Mitt Romney","REP","President - Vice Pres","","","","1995",""
"24","007","001","Gary Johnson","LIB","President - Vice Pres","","","","45",""
"24","007","001","Jill Stein","GRN","President - Vice Pres","","","","23",""
"24","007","001","Tiffany Renee Briscoe","DEM","President - Vice Pres","","","Y","0",""
"24","007","001","Dennis Knill","DEM","President - Vice Pres","","","Y","0",""
"24","007","001","Matthew Lydick","REP","President - Vice Pres","","","Y","0",""
"24","007","001","Barbara A. Prokopich","REP","President - Vice Pres","","","Y","0",""
"24","007","001","Santa Claus","IND","President - Vice Pres","","","Y","0",""
"24","007","001","Richard Duncan","IND","President - Vice Pres","","","Y","0",""
"24","007","001","Bruce Mlynski","IND","President - Vice Pres","","","Y","0",""
"24","007","001","Kevin M. Thorne","IND","President - Vice Pres","","","Y","0",""
"24","007","001","James Clymer","CON","President - Vice Pres","","","Y","0",""
"24","007","001","Virgil Goode","CON","President - Vice Pres","","","Y","0",""
"24","007","001","Ross C. Rocky Anderson","OTH","President - Vice Pres","","","Y","0",""
"24","007","001","Andre Barnett","OTH","President - Vice Pres","","","Y","0",""
"24","007","001","Roseanne Barr","OTH","President - Vice Pres","","","Y","1",""
"24","007","001","Will Christensen","OTH","President - Vice Pres","","","Y","0",""
"24","007","001","Stephen Durham","OTH","President - Vice Pres","","","Y","0",""
"24","007","001","Merlin Miller","OTH","President - Vice Pres","","","Y","0",""
"24","007","001","Leon Leo Ray","OTH","President - Vice Pres","","","Y","0",""
"24","007","001","Michael David Boyles","UNF","President - Vice Pres","","","Y","0",""
"24","007","001","Theodis (Ted) Brown, Sr.","UNF","President - Vice Pres","","","Y","0",""
"24","007","001","Paul Chehade","UNF","President - Vice Pres","","","Y","0",""
"24","007","001","David M. Crosby","UNF","President - Vice Pres","","","Y","0",""
"24","007","001","Fred Donald Dickson, Jr.","UNF","President - Vice Pres","","","Y","0",""
"24","007","001","Robert William Dietz","UNF","President - Vice Pres","","","Y","0",""
"24","007","001","Dwight Kenneth French","UNF","President - Vice Pres","","","Y","0",""
"24","007","001","Darrell Hykes","UNF","President - Vice Pres","","","Y","0",""
"24","007","001","Nelson Keyton","UNF","President - Vice Pres","","","Y","0",""
"24","007","001","Dean Morstad","UNF","President - Vice Pres","","","Y","0",""
"24","007","001","Deonia Neveu","UNF","President - Vice Pres","","","Y","0",""
"24","007","001","Terrance James O'Hara","UNF","President - Vice Pres","","","Y","0",""
"24","007","001","Jill Reed","UNF","President - Vice Pres","","","Y","0",""
"24","007","001","Cecil James Roth","UNF","President - Vice Pres","","","Y","0",""
"24","007","001","Sheila Tittle","UNF","President - Vice Pres","","","Y","0",""
"24","007","001","Other Write-Ins","BOT","President - Vice Pres","","","Y","14",""
"24","007","001","Ben Cardin","DEM","U.S. Senator           ","","Y","","966",""
"24","007","001","Daniel John Bongino","REP","U.S. Senator           ","","","","1258",""
"24","007","001","Dean Ahmad","LIB","U.S. Senator           ","","","","49",""
"24","007","001","S. Rob Sobhani","UNF","U.S. Senator           ","","","","823",""
"24","007","001","Lih Young","DEM","U.S. Senator           ","","","Y","0",""
"24","007","001","Mary Podlesak","REP","U.S. Senator           ","","","Y","0",""
"24","007","001","Brandy Baker","UNF","U.S. Senator           ","","","Y","0",""
"24","007","001","Ed Tinus","UNF","U.S. Senator           ","","","Y","0",""
"24","007","001","Other Write-Ins","BOT","U.S. Senator           ","","","Y","5",""
"24","007","001","Wendy Rosen","DEM","U.S. Congress","01","","","846",""
"24","007","001","Andy Harris","REP","U.S. Congress","01","Y","","1955",""
"24","007","001","Muir Wayne Boda","LIB","U.S. Congress","01","","","121",""
"24","007","001","John LaFerla","DEM","U.S. Congress","01","","Y","81",""
"24","007","001","Michael Calpino","UNF","U.S. Congress","01","","Y","0",""
"24","007","001","Douglas Dryden Rae","UNF","U.S. Congress","01","","Y","0",""
"24","007","001","Other Write-Ins","BOT","U.S. Congress","01","","Y","9",""
"24","007","001","Brian Daniel Shockley","BOT","Judge Circuit Court","01","Y","","2566",""
"24","007","001","Other Write-Ins","BOT","Judge Circuit Court","01","","Y","20",""
"24","007","001","Stuart R. Berger","BOT","Judge Spec Appeal at Lg","","Y","","2230","378"
